titulo,localizacion,precio,baños,habitabiones,metros_construidos,estrato,parqueadero,gas_natural,conina_integral,cuarto_servicio,balcon,patio,seguridad_privada,jardin,closet,cocina_amoblada,aire_acondicionado,vista_panoramica,piscina,bodega,area_infantil,jacuzzi,gimnacio,bbq,agua,electricidad,cuarto_de_oficina,alarma,cancha_tenis,terraza,internet,tanque_de_de_agua,permite_ninos,solo_familias,sauna,estudio,conserje,caseta_vigilancia
Casa en venta en Manga,Manga,700000000,2.0,3.0,166.0,5.0,1,1,0,1,0,1,0,2,0,0,0,0,0,0,0,0,0,0,0,0,0,0,0,0,0,0,0,0,0,0,0,0
Casa en venta en Manga,Manga,700000000,2.0,3.0,166.0,5.0,1,1,0,1,0,1,0,2,0,0,0,0,0,0,0,0,0,0,0,0,0,0,0,0,0,0,0,0,0,0,0,0
Casa en venta en La Princesa,La Princesa,235000000,2.0,3.0,73.0,3.0,0,0,0,0,0,0,0,0,0,0,0,0,0,0,0,0,0,0,0,0,0,0,0,0,0,0,0,0,0,0,0,0
Casa en venta en El Recreo,El Recreo,640000000,5.0,5.0,210.0,4.0,1,0,1,0,1,0,1,1,0,0,0,1,0,0,1,0,0,0,0,0,0,0,0,0,0,0,0,0,0,0,0,0
Casa en venta en Manga,Manga,640000000,4.0,5.0,160.0,4.0,1,0,1,0,1,1,0,2,1,0,1,1,0,0,1,0,0,0,0,0,1,0,0,0,0,0,0,0,0,0,0,0
Casa en venta en La Concepción,La Concepción,850000000,3.0,6.0,432.0,4.0,0,0,0,0,0,0,0,0,0,0,0,0,0,0,0,0,0,0,0,0,0,0,0,0,0,0,0,0,0,0,0,0
Casa en venta en Chipre,Chipre,420000000,2.0,3.0,150.0,4.0,0,1,0,1,0,1,0,1,0,1,0,0,0,0,0,0,0,0,0,0,0,0,0,0,0,0,0,0,0,0,0,0
Casa en venta en Santa Rita,Santa Rita,430000000,3.0,3.0,92.0,3.0,1,1,1,1,1,0,0,1,0,0,0,0,0,0,0,0,0,0,0,0,0,0,0,0,0,0,0,0,0,0,0,0
Casa en venta en Manga,Manga,600000000,3.0,4.0,116.0,5.0,0,0,0,0,0,0,0,0,0,0,0,0,0,0,0,0,0,0,0,0,0,0,0,0,0,0,0,0,0,0,0,0
Casa en venta en San Pedro,San Pedro,280000000,3.0,4.0,205.0,4.0,0,0,0,1,1,1,1,1,0,1,0,0,1,0,0,0,0,0,0,0,0,0,0,0,0,0,0,0,0,0,0,0
Casa en venta en Castillo Grande,Castillo Grande,1070000000,3.0,3.0,147.0,6.0,1,1,1,1,1,0,0,1,1,0,1,1,1,1,1,0,0,0,0,0,0,0,0,0,0,0,0,0,0,0,0,0
Casa en venta en El Bosque,El Bosque,450000000,2.0,4.0,203.0,3.0,0,0,0,0,0,0,0,0,0,0,0,0,0,0,0,0,0,0,0,0,0,0,0,0,0,0,0,0,0,0,0,0
Casa en venta en Los Caracoles,Los Caracoles,200000000,2.0,2.0,180.0,3.0,0,0,0,0,0,0,0,0,0,1,0,0,0,0,1,0,0,0,0,0,0,0,0,0,0,0,0,0,0,0,0,0
Casa en venta en Villas de la Candelaria,Villas de la Candelaria,220000000,2.0,3.0,64.0,3.0,0,0,0,0,0,0,0,0,0,0,0,0,0,0,0,0,0,0,0,0,0,0,0,0,0,0,0,0,0,0,0,0
Casa en venta en Pie de Popa,Pie de Popa,730000000,4.0,4.0,205.0,5.0,1,1,0,0,1,1,0,2,0,0,0,0,0,0,0,0,0,0,0,0,0,0,0,0,0,0,0,0,0,0,0,0
Casa en venta en El Campestre,El Campestre,260000000,2.0,3.0,97.0,3.0,0,0,0,0,0,1,0,1,1,0,0,0,0,0,1,0,0,0,0,0,0,0,0,0,0,0,0,0,0,0,0,0
Casa en venta en Bosquecito,Bosquecito,300000000,2.0,4.0,153.0,3.0,0,0,0,0,0,0,0,0,0,0,0,0,0,0,0,0,0,0,0,0,0,0,0,0,0,0,0,0,0,0,0,0
Casa en venta en El Recreo,El Recreo,460000000,3.0,3.0,124.0,4.0,1,1,1,0,1,0,0,1,0,0,0,0,0,0,0,0,0,0,0,0,0,0,0,0,0,0,0,0,0,0,0,0
Casa en venta en San José de los Campanos,San José de los Campanos,300000000,2.0,3.0,168.0,2.0,0,1,0,0,1,0,0,1,0,0,0,0,0,0,0,0,0,0,0,0,0,0,0,0,0,0,0,0,0,0,0,0
Casa en venta en Providencia,Providencia,350000000,3.0,3.0,130.0,4.0,1,1,1,0,0,1,1,0,1,0,0,0,1,0,1,0,0,0,0,0,0,0,0,0,0,0,0,0,0,0,0,0
Casa en venta en Providencia,Providencia,305000000,4.0,6.0,160.0,3.0,0,0,0,0,0,0,0,0,0,0,0,0,0,0,0,0,0,0,0,0,0,0,0,0,0,0,0,0,0,0,0,0
Casa en venta en Alto Bosque,Alto Bosque,630000000,3.0,4.0,240.0,3.0,0,0,0,0,0,0,0,0,0,0,0,0,0,0,0,0,0,0,0,0,0,0,0,0,0,0,0,0,0,0,0,0
Casa en venta en Manga,Manga,970000000,3.0,3.0,222.0,5.0,1,1,1,1,1,1,0,1,0,0,0,0,0,0,0,0,0,0,1,1,1,0,0,1,1,0,0,0,0,0,1,0
Casa en venta en Pie de Popa,Pie de Popa,740000000,4.0,4.0,205.0,5.0,1,1,0,1,0,1,0,1,0,0,1,0,0,0,0,0,0,0,0,0,0,0,0,0,0,0,0,0,0,0,0,0
Casa en venta en Manga,Manga,520000000,2.0,3.0,175.0,5.0,0,0,0,0,0,0,0,0,0,0,0,0,0,0,0,0,0,0,0,0,0,0,0,0,0,0,0,0,0,0,0,0
Casa en venta en Castillo Grande,Castillo Grande,980000000,2.0,3.0,164.0,6.0,1,0,1,1,1,0,1,1,0,0,0,0,1,0,1,0,0,0,0,0,0,0,0,0,0,0,0,0,0,0,0,0
Casa en venta en Crespo,Crespo,1200000000,3.0,4.0,220.0,5.0,1,0,1,0,0,1,0,0,0,0,0,0,1,0,0,0,0,0,0,0,0,0,0,0,0,0,0,0,0,0,0,0
Casa en venta en El Country,El Country,650000000,4.0,3.0,230.0,4.0,1,1,0,1,0,1,0,2,1,1,0,1,0,0,0,0,0,0,0,0,0,0,0,0,0,0,0,0,0,0,0,0
Casa en venta en El Bosque,El Bosque,1300000000,2.0,4.0,500.0,3.0,0,0,0,0,0,0,0,0,0,0,0,0,0,0,0,0,0,0,0,0,0,0,0,0,0,0,0,0,0,0,0,0
Casa en venta en Manga,Manga,650000000,3.0,3.0,178.0,5.0,1,1,0,1,0,1,1,0,0,0,0,0,0,0,0,0,0,0,0,0,0,0,0,0,0,0,0,0,0,0,0,0
Casa en venta en La Quinta,La Quinta,1200000000,5.0,5.0,3000.0,3.0,1,1,1,0,0,0,1,0,1,1,1,1,0,0,1,0,0,0,0,0,0,0,0,0,0,0,0,0,0,0,0,0
Casa en venta en Castillo Grande,Castillo Grande,1085000000,2.0,2.0,104.0,6.0,1,1,1,0,1,0,1,1,1,0,1,1,1,0,0,0,0,0,0,0,0,0,0,0,0,0,0,0,0,0,0,0
Casa en venta en Bocagrande,Bocagrande,1700000000,3.0,3.0,206.0,5.0,1,1,0,1,0,0,1,2,1,1,1,0,1,1,1,0,0,0,0,0,0,0,1,0,0,0,0,0,0,0,0,0
Casa en venta en Torices,Torices,260000000,2.0,3.0,141.0,3.0,0,0,0,0,0,0,0,0,0,0,0,0,0,0,0,0,0,0,0,0,0,0,0,0,0,0,0,0,0,0,0,0
Casa en venta en Manga,Manga,650000000,3.0,3.0,160.0,5.0,1,1,0,1,0,0,0,1,1,0,1,0,0,0,1,0,0,0,0,0,0,0,0,0,0,0,0,0,0,0,0,0
Casa en venta en Manga,Manga,780000000,3.0,3.0,214.0,5.0,1,0,0,1,1,0,0,1,0,1,0,0,0,0,0,0,0,0,0,0,0,0,0,0,0,0,0,0,0,0,0,0
Casa en venta en El Recreo,El Recreo,460000000,3.0,5.0,153.0,4.0,1,1,1,0,1,0,1,1,0,0,0,0,1,0,1,0,0,1,0,0,0,0,0,0,0,0,0,0,0,0,0,0
Casa en venta en El Recreo,El Recreo,450000000,3.0,3.0,152.0,4.0,1,1,0,0,1,1,1,1,0,0,0,0,1,0,0,0,0,1,0,0,0,0,0,0,0,0,0,0,0,0,0,0
Casa en venta en Blas de Lezo,Blas de Lezo,350000000,3.0,5.0,180.0,3.0,0,0,0,0,0,0,0,0,0,0,0,0,0,0,0,0,0,0,0,0,0,0,0,0,0,0,0,0,0,0,0,0
Casa en venta en Alameda a Vistoria,Alameda a Vistoria,480000000,4.0,4.0,144.0,5.0,1,1,0,1,1,1,1,2,1,1,1,1,1,0,1,0,0,0,0,0,0,0,0,0,0,0,0,0,0,0,0,0
Casa en venta en Manga,Manga,1700000000,3.0,8.0,435.0,5.0,0,0,0,0,0,0,0,0,0,0,0,0,0,0,0,0,0,0,0,0,0,0,0,0,0,0,0,0,0,0,0,0
Casa en venta en Nariño,Nariño,1100000000,9.0,10.0,350.0,4.0,1,1,1,0,1,1,0,2,1,1,1,1,0,0,0,0,0,1,0,0,0,0,0,0,0,0,0,0,0,0,0,0
Casa en venta en El Recreo,El Recreo,394344000,2.0,3.0,174.0,4.0,0,0,0,0,0,0,0,0,0,0,0,0,0,0,0,0,0,0,0,0,0,0,0,0,0,0,0,0,0,0,0,0
Casa en venta en Centro,Centro,1000000000,4.0,8.0,150.0,3.0,0,0,0,0,1,0,0,1,0,0,0,0,0,0,0,0,0,0,0,0,0,0,0,0,0,0,0,0,0,0,0,0
Casa en venta en Providencia,Providencia,360000000,2.0,3.0,127.0,4.0,1,0,1,0,1,0,1,1,0,0,1,0,1,1,0,0,0,0,0,0,0,0,0,0,0,0,0,0,0,0,0,1
Casa en venta en Pie de Popa,Pie de Popa,520000000,3.0,3.0,130.0,5.0,1,0,0,1,1,0,1,2,0,1,1,1,0,0,1,0,0,0,0,0,0,0,0,0,0,0,0,0,0,0,0,0
Casa en venta en Crespo,Crespo,850000000,4.0,6.0,350.0,5.0,0,0,0,0,0,0,0,0,0,0,0,0,0,0,0,0,0,0,0,0,0,0,0,0,0,0,0,0,0,0,0,0
Casa en venta en Vista Hermosa,Vista Hermosa,275000000,3.0,4.0,140.0,3.0,1,0,1,0,1,0,1,0,0,0,0,0,0,0,1,0,0,0,0,0,0,0,0,0,0,0,0,0,0,0,0,0
Casa en venta en Crespo,Crespo,770000000,3.0,3.0,259.0,5.0,0,0,0,0,0,0,0,0,0,0,0,0,0,0,0,0,0,0,0,0,0,0,0,0,0,0,0,0,0,0,0,0
Casa en venta en La Concepción,La Concepción,430000000,3.0,3.0,168.0,3.0,1,1,0,0,1,0,1,0,0,0,0,0,0,0,0,0,0,0,0,0,0,0,0,0,0,0,0,0,0,0,0,0
Casa en venta en Manga,Manga,1500000000,2.0,3.0,200.0,5.0,1,0,0,0,0,1,0,1,0,0,0,0,0,0,0,0,0,0,0,0,1,0,0,0,0,0,0,0,0,0,0,0
Casa en venta en Manga,Manga,670000000,3.0,4.0,220.0,5.0,0,0,0,0,0,0,0,0,0,0,0,0,0,0,0,0,0,0,0,0,0,0,0,0,0,0,0,0,0,0,0,0
Casa en venta en Almirante Colon,Almirante Colon,350000000,2.0,4.0,157.0,3.0,0,1,1,0,0,1,0,1,0,0,0,0,0,0,0,0,0,0,0,0,0,0,0,0,0,0,0,0,0,0,0,0
Casa en venta en Medellín,Medellín,850000000,5.0,5.0,264.0,3.0,0,0,0,0,0,0,0,0,0,0,0,0,0,0,0,0,0,0,0,0,0,0,0,0,0,0,0,0,0,0,0,0
Casa en venta en San José Obrero,San José Obrero,270000000,2.0,2.0,110.0,4.0,0,0,0,0,0,0,0,0,0,0,0,0,0,0,0,0,0,0,0,0,0,0,0,0,0,0,0,0,0,0,0,0
Casa en venta en Cielo mar,Cielo mar,1400000000,5.0,3.0,300.0,6.0,1,1,1,1,1,0,1,2,1,1,1,1,1,1,1,1,0,1,0,0,0,0,0,0,0,0,0,0,0,0,0,0
Casa en venta en Providencia,Providencia,380000000,2.0,3.0,153.0,3.0,1,1,1,1,1,0,1,1,0,1,0,0,1,0,1,0,0,1,1,0,0,1,0,1,0,1,0,0,0,1,0,1
Casa en venta en España,España,390000000,2.0,4.0,195.0,3.0,1,0,0,1,1,0,0,0,0,1,0,1,0,0,1,0,0,0,0,0,0,0,0,0,0,0,0,0,0,0,0,0
Casa en venta en Mamonal,Mamonal,800000000,2.0,3.0,157.0,2.0,0,1,1,0,0,1,0,1,0,0,0,0,0,0,0,0,0,0,0,0,0,0,0,0,0,0,0,0,0,0,0,0
Casa en venta en Providencia,Providencia,300000000,4.0,6.0,160.0,3.0,0,0,0,0,0,0,0,0,0,0,0,0,0,0,0,0,0,0,0,0,0,0,0,0,0,0,0,0,0,0,0,0
Casa en venta en Daniel Lemaitre,Daniel Lemaitre,450000000,4.0,8.0,153.0,4.0,0,0,0,0,0,0,0,0,0,0,0,0,0,0,0,0,0,0,0,0,0,0,0,0,0,0,0,0,0,0,0,0
Casa en venta en La Concepción,La Concepción,380000000,4.0,3.0,120.0,3.0,1,1,1,1,0,1,0,1,1,0,1,0,0,0,0,0,0,0,0,0,0,0,0,0,0,0,0,0,0,0,0,0
Casa en venta en Manga,Manga,1350000000,4.0,5.0,228.0,5.0,0,0,0,0,0,0,0,0,0,0,0,0,0,0,0,0,0,0,0,0,0,0,0,0,0,0,0,0,0,0,0,0
Casa en venta en Alameda a Vistoria,Alameda a Vistoria,500000000,2.0,4.0,300.0,2.0,1,0,1,0,1,1,1,2,0,0,1,1,0,0,1,0,0,0,0,0,0,0,0,0,0,0,0,0,0,0,0,0
Casa en venta en El Campestre,El Campestre,300000000,2.0,3.0,147.0,3.0,0,0,0,0,0,0,0,0,0,0,0,0,0,0,0,0,0,0,0,0,0,0,0,0,0,0,0,0,0,0,0,0
Casa en venta en Pie de Popa,Pie de Popa,700000000,5.0,5.0,350.0,5.0,1,1,1,1,1,1,0,1,1,0,0,0,0,1,1,0,0,0,0,0,0,0,0,0,0,0,0,0,0,0,0,0
Casa en venta en Buenos Aires,Buenos Aires,390000000,2.0,3.0,72.0,3.0,0,0,0,0,0,0,0,0,0,0,0,0,0,0,0,0,0,0,0,0,0,0,0,0,0,0,0,0,0,0,0,0
Casa en venta en Santa Clara,Santa Clara,189000000,3.0,3.0,156.0,3.0,0,0,0,0,0,0,0,0,0,0,0,0,0,0,0,0,0,0,0,0,0,0,0,0,0,0,0,0,0,0,0,0
Casa en venta en Manga,Manga,1200000000,4.0,6.0,210.0,5.0,0,0,0,0,0,0,0,0,0,0,0,0,0,0,0,0,0,0,0,0,0,0,0,0,0,0,0,0,0,0,0,0
Casa en venta en Antonio José de Sucre,Antonio José de Sucre,700000000,6.0,7.0,300.0,4.0,1,1,1,0,0,1,0,2,1,0,0,1,0,0,0,0,0,0,0,0,0,0,0,0,0,0,0,0,0,0,0,0
Casa en venta en La Concepción,La Concepción,580000000,4.0,3.0,224.0,4.0,1,0,1,0,1,1,1,0,0,1,1,0,0,0,0,0,0,0,0,0,0,0,0,0,0,0,0,0,0,0,0,0
Casa en venta en Manga,Manga,1600000000,2.0,4.0,385.0,6.0,0,0,1,0,0,0,0,1,0,0,0,0,0,0,0,0,0,0,0,0,0,0,0,0,0,0,0,0,0,0,0,0
Casa en venta en El Country,El Country,450000000,3.0,4.0,115.0,4.0,0,0,0,0,0,0,1,1,1,1,0,0,0,0,0,0,0,0,0,0,0,0,0,0,0,0,0,0,0,0,0,0
Casa en venta en La Princesa,La Princesa,220000000,2.0,4.0,170.0,3.0,1,0,0,0,1,0,0,0,0,1,0,1,0,0,1,0,0,0,0,0,0,0,0,0,0,0,0,0,0,0,0,0
Casa en venta en Los Caracoles,Los Caracoles,280000000,3.0,7.0,144.0,3.0,1,1,0,0,1,0,0,1,0,0,0,0,0,0,0,0,0,0,0,0,0,0,0,0,0,0,0,0,0,0,0,0
Casa en venta en El Bosque,El Bosque,230000000,2.0,5.0,168.0,3.0,0,0,1,0,0,1,0,1,0,0,0,0,0,0,0,0,0,0,0,0,0,0,0,0,0,0,0,0,0,0,0,0
Casa en venta en El Recreo,El Recreo,489000000,6.0,4.0,240.0,4.0,1,0,1,0,1,1,1,1,0,0,0,1,0,1,1,0,0,0,0,0,0,0,0,0,0,0,0,0,0,0,0,0
Casa en venta en La Concepción,La Concepción,835000000,2.0,4.0,394.0,4.0,1,1,1,0,0,1,0,1,0,0,0,0,0,0,0,0,0,0,0,0,0,0,0,0,0,0,0,0,0,0,0,0
Casa en venta en Los Angeles,Los Angeles,490000000,3.0,4.0,200.0,3.0,0,0,0,0,0,0,0,0,0,0,0,0,0,0,0,0,0,0,0,0,0,0,0,0,0,0,0,0,0,0,0,0
Casa en venta en Pie de Popa,Pie de Popa,1650000000,3.0,8.0,302.0,5.0,0,1,1,0,0,1,0,1,0,0,0,0,0,0,0,0,0,0,0,0,0,0,0,0,0,0,0,0,0,0,0,0
Casa en venta en El Bosque,El Bosque,720000000,4.0,4.0,337.0,3.0,1,0,1,0,0,1,1,2,1,0,1,1,0,0,1,0,0,0,0,0,0,0,0,0,0,0,0,0,0,0,0,0
Casa en venta en Boston,Boston,300000000,2.0,2.0,140.0,3.0,0,0,0,0,0,0,0,0,0,0,0,0,0,0,0,0,0,0,0,0,0,0,0,0,0,0,0,0,0,0,0,0
Casa en venta en San Fernando,San Fernando,250000000,2.0,3.0,130.0,3.0,0,0,0,0,1,0,0,1,0,1,0,0,0,0,1,0,0,0,0,0,0,0,0,0,0,0,0,0,0,0,0,0
Casa en venta en Mamonal,Mamonal,480000000,3.0,2.0,140.0,3.0,1,0,0,0,0,1,0,1,0,1,0,1,0,0,1,0,0,0,0,0,0,0,0,0,0,0,0,0,0,0,0,0
Casa en venta en Bocagrande,Bocagrande,1100000000,3.0,4.0,220.0,6.0,0,0,0,0,0,0,0,0,0,0,0,0,0,0,0,0,0,0,0,0,0,0,0,0,0,0,0,0,0,0,0,0
Casa en venta en San Pedro,San Pedro,330000000,2.0,3.0,240.0,5.0,0,0,0,0,0,0,0,0,0,0,0,0,0,0,0,0,0,0,0,0,0,0,0,0,0,0,0,0,0,0,0,0
Casa en venta en Crespo,Crespo,930000000,4.0,4.0,147.0,6.0,0,0,0,0,0,0,0,0,0,0,0,0,0,0,0,0,0,0,0,0,0,0,0,0,0,0,0,0,0,0,0,0
Casa en venta en Santa Clara,Santa Clara,175000000,2.0,3.0,72.0,3.0,0,1,0,0,0,1,1,1,0,0,0,0,0,0,0,0,0,0,0,0,0,0,0,0,0,0,0,0,0,0,0,0
Casa en venta en Almirante Colon,Almirante Colon,250000000,2.0,4.0,120.0,3.0,0,0,0,0,0,0,0,0,0,0,0,0,0,0,0,0,0,0,0,0,0,0,0,0,0,0,0,0,0,0,0,0
Casa en venta en Manga,Manga,1340000000,3.0,5.0,400.0,3.0,0,0,1,1,0,1,0,1,0,1,0,1,0,0,0,0,0,0,0,0,0,0,0,0,0,0,0,0,0,0,0,0
Casa en venta en Viejo Porvenir,Viejo Porvenir,300000000,4.0,8.0,150.0,3.0,0,0,1,0,0,1,0,1,0,0,0,0,0,0,0,0,0,0,0,0,0,0,0,0,0,0,0,0,0,0,0,0
Casa en venta en San Pedro,San Pedro,1100000000,4.0,4.0,154.0,2.0,1,1,1,0,1,1,1,0,0,0,0,1,0,1,0,0,0,0,0,0,0,0,0,0,0,0,0,0,0,0,0,0
Casa en venta en Pie de Popa,Pie de Popa,1400000000,6.0,8.0,350.0,4.0,1,0,1,1,0,1,1,1,0,0,0,0,0,0,0,0,0,0,0,0,0,0,0,0,0,0,0,0,0,0,0,0
Casa en venta en Calamares,Calamares,550000000,3.0,4.0,311.0,6.0,1,1,0,1,1,1,0,2,1,1,1,0,0,0,0,0,0,0,0,0,0,0,0,0,0,0,0,0,0,0,0,0
Casa en venta en Manga,Manga,850000000,3.0,3.0,200.0,5.0,1,1,1,1,0,1,1,0,0,0,1,0,0,0,0,0,0,0,1,1,0,0,0,1,0,1,0,0,0,1,0,0
Casa en venta en Pie de Popa,Pie de Popa,1400000000,4.0,5.0,370.0,5.0,0,0,0,0,0,0,0,0,0,0,0,0,0,0,0,0,0,0,0,0,0,0,0,0,0,0,0,0,0,0,0,0
Casa en venta en Santa Mónica,Santa Mónica,350000000,4.0,5.0,172.0,4.0,1,1,1,0,0,1,0,1,1,1,0,0,0,0,0,0,0,0,0,0,0,0,0,0,0,0,0,0,0,0,0,0
Casa en venta en El Campestre,El Campestre,230000000,3.0,3.0,120.0,3.0,0,0,0,0,0,0,0,0,0,0,0,0,0,0,0,0,0,0,0,0,0,0,0,0,0,0,0,0,0,0,0,0
Casa en venta en Las Delicias,Las Delicias,1050000000,2.0,4.0,47679.0,3.0,0,0,1,0,0,1,0,1,0,0,0,1,0,0,0,0,0,0,0,0,0,0,0,0,0,0,0,0,0,0,0,0
Casa en venta en Providencia,Providencia,1247000000,9.0,9.0,621.0,3.0,0,0,0,0,0,0,0,0,0,0,0,0,0,0,0,0,0,0,0,0,0,0,0,0,0,0,0,0,0,0,0,0
Casa en venta en Bruselas,Bruselas,280000000,2.0,3.0,226.0,3.0,1,0,0,0,0,0,0,1,0,1,0,0,0,0,1,0,0,0,0,0,0,0,0,0,0,0,0,0,0,0,0,0
Casa en venta en San Isidro,San Isidro,1350000000,3.0,4.0,328.0,6.0,1,1,1,1,0,0,0,1,1,0,0,0,0,0,0,0,0,0,0,0,0,0,0,0,0,0,0,0,0,0,0,0
Casa en venta en Manga,Manga,1550000000,3.0,4.0,400.0,5.0,1,1,0,1,1,1,1,1,1,0,0,0,0,0,0,0,0,1,0,0,0,0,0,0,0,0,0,0,0,0,0,0
Casa en venta en Castillo Grande,Castillo Grande,1500000000,4.0,4.0,240.0,6.0,0,0,0,1,0,0,0,1,0,0,0,0,1,0,0,0,0,1,0,0,0,0,0,1,0,0,0,0,0,0,0,0
Casa en venta en Castillo Grande,Castillo Grande,1650000000,3.0,4.0,460.0,3.0,1,0,0,0,0,1,1,0,1,1,0,0,1,0,0,0,0,0,0,0,0,0,0,0,0,0,0,0,0,0,0,0
Casa en venta en Bocagrande,Bocagrande,680000000,3.0,3.0,179.0,6.0,1,1,0,1,1,0,1,0,1,0,0,0,1,1,0,0,0,0,0,0,0,0,0,0,0,0,0,0,0,0,0,0
Casa en venta en San Fernando,San Fernando,290000000,3.0,4.0,200.0,3.0,1,1,0,0,0,1,0,1,0,0,0,0,0,0,0,0,0,0,0,0,0,0,0,0,0,0,0,0,0,0,0,0
Casa en venta en Jorge Eliecer Gaitán,Jorge Eliecer Gaitán,430000000,3.0,3.0,216.0,3.0,1,1,1,1,1,1,0,1,1,0,0,0,0,0,0,0,0,0,0,0,0,0,0,0,0,0,0,0,0,0,0,0
Casa en venta en Baru,Baru,450000000,3.0,3.0,163.0,3.0,1,0,0,1,0,1,0,1,0,0,0,0,0,0,0,0,0,0,0,0,0,0,0,0,0,0,0,0,0,0,0,0
Casa en venta en 13 de Junio,13 de Junio,220000000,2.0,3.0,130.0,3.0,0,0,0,0,0,0,0,0,0,0,0,0,0,0,0,0,0,0,0,0,0,0,0,0,0,0,0,0,0,0,0,0
Casa en venta en El Refugio,El Refugio,200000000,2.0,3.0,72.0,4.0,0,0,0,0,0,0,1,0,1,0,0,0,0,0,0,0,0,0,0,0,0,0,0,0,0,0,0,0,0,0,0,0
Casa en venta en El Socorro,El Socorro,280000000,2.0,5.0,196.0,3.0,0,1,0,0,0,1,0,1,0,0,0,0,0,0,0,0,0,0,0,0,0,0,0,0,0,0,0,0,0,0,0,0
Casa en venta en El Recreo,El Recreo,330000000,3.0,3.0,120.0,4.0,1,1,1,0,0,0,1,0,1,0,0,0,1,0,1,0,0,0,0,0,0,0,0,0,0,0,0,0,0,0,0,0
Casa en venta en El Socorro,El Socorro,460000000,3.0,5.0,200.0,3.0,1,0,1,0,1,1,0,1,0,0,1,1,0,0,1,0,0,0,0,0,0,0,0,0,0,0,0,0,0,0,0,0
Casa en venta en Santa Maria,Santa Maria,370000000,2.0,3.0,250.0,3.0,0,0,0,0,0,1,1,1,0,0,0,0,0,0,0,0,0,0,0,0,0,0,0,0,0,0,0,0,0,0,0,0
Casa en venta en Los Caracoles,Los Caracoles,445000000,4.0,5.0,200.0,3.0,1,0,1,1,1,0,0,1,0,0,1,1,0,1,0,0,0,0,0,0,0,0,0,0,0,0,0,0,0,0,0,0
Casa en venta en El Bosque,El Bosque,700000000,4.0,4.0,205.0,4.0,0,0,0,0,0,0,0,0,0,0,0,0,0,0,0,0,0,0,0,0,0,0,0,0,0,0,0,0,0,0,0,0
Casa en venta en La Concepción,La Concepción,317000000,2.0,3.0,103.0,4.0,1,0,1,1,1,0,1,1,0,0,1,1,1,0,1,0,0,0,0,0,0,0,0,0,0,0,0,0,0,0,0,0
Casa en venta en Manga,Manga,800000000,3.0,3.0,175.0,6.0,1,0,1,1,0,1,1,2,0,0,1,0,0,0,0,0,0,0,0,0,0,0,0,0,0,0,0,0,0,0,0,0
Casa en venta en Ternera,Ternera,400000000,5.0,3.0,150.0,4.0,1,0,1,0,1,0,1,1,1,0,0,1,1,1,1,0,0,0,0,0,0,0,0,0,0,0,0,0,0,0,0,0
Casa en venta en Los Alpes,Los Alpes,550000000,4.0,6.0,281.0,3.0,0,0,0,0,0,0,0,0,0,0,0,0,0,0,0,0,0,0,0,0,0,0,0,0,0,0,0,0,0,0,0,0
Casa en venta en Blas de Lezo,Blas de Lezo,330000000,4.0,3.0,209.0,3.0,1,0,0,0,0,1,0,1,0,0,0,0,0,0,0,0,0,0,1,1,0,0,0,0,1,0,1,1,0,0,0,0
Casa en venta en Pie de Popa,Pie de Popa,1000000000,3.0,18.0,427.0,5.0,0,0,0,0,0,0,0,0,0,0,0,0,0,0,0,0,0,0,0,0,0,0,0,0,0,0,0,0,0,0,0,0
Casa en venta en Pablo VI-I,Pablo VI-I,970000000,3.0,3.0,270.0,2.0,0,0,0,0,0,1,0,1,0,0,0,0,0,0,0,0,0,0,0,0,0,0,0,0,0,0,0,0,0,0,0,0
Casa en venta en El Campestre,El Campestre,240000000,2.0,3.0,100.0,3.0,1,1,0,0,0,0,0,1,0,0,0,0,0,0,0,0,0,0,0,0,0,0,0,0,0,0,0,0,0,0,0,0
Casa en venta en Manga,Manga,1600000000,5.0,3.0,324.0,5.0,0,0,0,0,0,0,0,0,0,0,0,0,0,0,0,0,0,0,0,0,0,0,0,0,0,0,0,0,0,0,0,0
Casa en venta en La Concepción,La Concepción,380000000,3.0,4.0,137.0,4.0,1,1,1,1,1,0,1,0,0,0,0,0,0,0,0,0,0,1,1,0,0,0,0,0,1,0,0,0,0,0,0,0
Casa en venta en El Socorro,El Socorro,1300000000,4.0,4.0,364.0,4.0,1,1,1,1,1,0,0,0,0,0,0,0,0,0,0,0,0,1,1,0,0,0,0,0,0,1,0,0,0,0,0,0
Casa en venta en Manga,Manga,700000000,5.0,5.0,250.0,5.0,0,0,1,1,1,1,0,1,0,0,0,0,0,0,0,0,0,0,0,1,0,0,0,1,1,0,0,0,0,1,0,0
Casa en venta en San Pedro,San Pedro,800000000,5.0,4.0,472.0,3.0,1,1,0,0,1,0,1,1,1,0,0,0,0,1,0,0,0,0,0,0,0,0,0,0,0,0,0,0,0,0,0,0
Casa en venta en Manga,Manga,850000000,7.0,6.0,315.0,5.0,1,1,1,0,1,1,0,1,0,0,0,0,0,0,0,0,0,0,0,0,0,0,0,0,0,0,0,0,0,0,0,0
Casa en venta en Los Alpes,Los Alpes,680000000,4.0,8.0,240.0,3.0,0,0,0,0,0,1,0,1,1,1,0,1,0,0,1,0,0,0,0,0,0,0,0,0,0,0,0,0,0,0,0,0
Casa en venta en Manga,Manga,550000000,3.0,3.0,140.0,5.0,0,0,0,0,0,0,0,0,0,0,0,0,0,0,0,0,0,0,0,0,0,0,0,0,0,0,0,0,0,0,0,0
Casa en venta en El Recreo,El Recreo,1000000000,2.0,4.0,300.0,5.0,0,0,0,0,0,0,0,0,0,0,0,0,0,0,0,0,0,0,0,0,0,0,0,0,0,0,0,0,0,0,0,0
Casa en venta en Daniel Lemaitre,Daniel Lemaitre,380000000,3.0,5.0,250.0,3.0,0,0,0,0,0,1,0,1,0,1,0,0,0,1,1,0,0,1,0,0,0,0,0,0,0,0,0,0,0,0,0,0
Casa en venta en Castillo Grande,Castillo Grande,1300000000,3.0,2.0,121.0,6.0,1,0,0,0,1,0,0,0,0,0,1,0,0,0,0,0,0,1,0,0,0,0,0,0,0,0,0,0,0,0,0,0
Casa en venta en Villa Barraza,Villa Barraza,1100000000,4.0,3.0,270.0,3.0,1,1,1,1,1,1,0,2,0,0,0,0,1,1,0,0,0,0,0,0,0,0,0,0,0,0,0,0,0,0,0,0
Casa en venta en Urbanización Los Corales,Urbanización Los Corales,330000000,2.0,3.0,150.0,4.0,0,0,0,0,0,0,0,0,0,0,0,0,0,0,0,0,0,0,0,0,0,0,0,0,0,0,0,0,0,0,0,0
Casa en venta en El Bosque,El Bosque,900000000,3.0,4.0,378.0,4.0,0,0,0,0,0,0,0,0,0,0,0,0,0,0,0,0,0,0,0,0,0,0,0,0,0,0,0,0,0,0,0,0
Casa en venta en Crespo,Crespo,1600000000,3.0,3.0,240.0,4.0,0,0,0,0,0,0,0,0,0,0,0,0,0,0,0,0,0,0,0,0,0,0,0,0,0,0,0,0,0,0,0,0
Casa en venta en El Bosque,El Bosque,420000000,2.0,4.0,126.0,4.0,0,0,0,0,0,0,0,0,0,0,0,0,0,0,0,0,0,0,0,0,0,0,0,0,0,0,0,0,0,0,0,0
Casa en venta en El Bosque,El Bosque,380000000,2.0,4.0,196.0,3.0,0,0,0,0,0,0,0,0,0,0,0,0,0,0,0,0,0,0,0,0,0,0,0,0,0,0,0,0,0,0,0,0
Casa en venta en Alameda La Victoria,Alameda La Victoria,300000000,3.0,4.0,240.0,4.0,1,1,1,0,1,1,0,1,0,1,0,0,0,0,0,0,0,0,1,0,0,0,0,1,1,0,1,1,0,0,0,0
Casa en venta en Santa Rita,Santa Rita,950000000,3.0,6.0,306.0,3.0,0,0,0,0,0,0,0,0,0,0,0,0,0,0,0,0,0,0,0,0,0,0,0,0,0,0,0,0,0,0,0,0
Casa en venta en Alto Bosque,Alto Bosque,1150000000,3.0,4.0,900.0,4.0,0,0,0,0,0,0,0,0,0,0,0,0,0,0,0,0,0,0,0,0,0,0,0,0,0,0,0,0,0,0,0,0
Casa en venta en Manga,Manga,1100000000,3.0,4.0,220.0,5.0,1,0,1,0,0,1,0,1,0,0,0,0,0,0,0,0,0,0,0,0,0,0,0,0,0,0,0,0,0,0,0,0
Casa en venta en El Cairo,El Cairo,600000000,2.0,3.0,480.0,3.0,0,0,0,0,0,0,0,0,0,0,0,0,0,0,0,0,0,0,0,0,0,0,0,0,0,0,0,0,0,0,0,0
Casa en venta en Castillogrande,Castillogrande,1700000000,3.0,3.0,340.0,6.0,1,0,1,1,0,0,0,1,1,1,1,0,0,1,0,0,0,0,0,0,0,0,0,0,0,0,0,0,0,0,0,0
Casa en venta en Los Alpes,Los Alpes,330000000,3.0,4.0,120.0,4.0,0,0,0,0,0,0,0,0,0,0,0,0,0,0,0,0,0,0,0,0,0,0,0,0,0,0,0,0,0,0,0,0
Casa en venta en La Concepción,La Concepción,699000000,4.0,6.0,434.0,4.0,1,0,1,0,0,0,0,2,0,0,0,0,0,0,1,0,0,0,0,0,0,0,0,0,0,0,0,0,0,0,0,0
Casa en venta en Providencia,Providencia,300000000,4.0,6.0,160.0,3.0,0,0,0,0,0,0,0,0,0,0,0,0,0,0,0,0,0,0,0,0,0,0,0,0,0,0,0,0,0,0,0,0
Casa en venta en Vista Hermosa,Vista Hermosa,445000000,3.0,5.0,200.0,3.0,0,0,0,0,0,0,0,0,0,0,0,0,0,0,0,0,0,0,0,0,0,0,0,0,0,0,0,0,0,0,0,0
Casa en venta en Pie de Popa,Pie de Popa,720000000,5.0,4.0,176.0,5.0,0,0,1,1,0,0,1,1,1,1,1,1,0,0,0,0,0,0,0,0,0,0,0,0,0,0,0,0,0,0,0,0
Casa en venta en Pie de Popa,Pie de Popa,730000000,4.0,4.0,205.0,4.0,1,1,1,1,1,0,0,1,0,0,1,0,0,0,0,0,0,1,0,0,0,0,0,0,0,0,0,0,0,0,0,0
Casa en venta en Las Gaviotas,Las Gaviotas,350000000,2.0,3.0,160.0,3.0,1,1,1,0,1,1,0,1,0,0,0,0,0,0,0,0,0,0,1,1,1,0,0,1,1,0,0,0,0,0,0,0
Casa en venta en Ciudadela 11 de Noviembre,Ciudadela 11 de Noviembre,200000000,2.0,4.0,190.0,2.0,0,1,0,0,0,1,0,1,0,0,0,0,0,0,0,0,0,0,0,0,0,0,0,0,0,0,0,0,0,0,0,0
Casa en venta en Los Alpes,Los Alpes,430000000,2.0,5.0,204.0,3.0,1,0,0,0,0,1,0,1,0,0,0,0,0,0,0,0,0,0,0,0,0,0,0,0,0,0,0,0,0,0,0,0
Casa en venta en Manga,Manga,850000000,2.0,3.0,204.0,4.0,0,1,1,0,0,1,0,0,0,0,0,0,0,0,0,0,0,0,1,1,0,0,0,0,0,0,0,0,0,1,0,0
Casa en venta en Blas de Lezo,Blas de Lezo,350000000,2.0,3.0,189.0,3.0,1,0,0,0,0,1,0,1,0,1,0,0,0,0,1,0,0,0,0,0,0,0,0,0,0,0,0,0,0,0,0,0
Casa en venta en Nuevo Bosque,Nuevo Bosque,320000000,2.0,6.0,90.0,3.0,0,1,1,0,1,0,0,1,0,0,0,0,0,0,0,0,0,0,0,0,0,0,0,0,0,0,0,0,0,0,0,0
Casa en venta en El Laguito,El Laguito,997000000,3.0,3.0,161.0,5.0,1,0,1,1,1,0,1,0,1,0,1,0,1,1,0,0,0,0,0,0,0,0,0,0,0,0,0,0,0,0,0,0
Casa en venta en Los Alpes,Los Alpes,500000000,3.0,3.0,320.0,3.0,0,1,1,0,0,0,0,1,0,0,0,0,0,0,0,0,0,0,0,0,0,0,0,0,0,0,0,0,0,0,0,0
Casa en venta en Santa Rita,Santa Rita,1100000000,9.0,10.0,800.0,3.0,0,0,0,0,0,0,0,0,0,0,0,0,0,0,0,0,0,0,0,0,0,0,0,0,0,0,0,0,0,0,0,0
Casa en venta en Ternera,Ternera,350000000,3.0,3.0,125.0,4.0,1,1,1,0,1,0,1,0,1,0,0,0,1,1,1,0,0,0,0,0,0,0,0,0,0,0,0,0,0,0,0,0
Casa en venta en Providencia,Providencia,305000000,4.0,6.0,160.0,3.0,0,0,0,0,0,0,0,0,0,0,0,0,0,0,0,0,0,0,0,0,0,0,0,0,0,0,0,0,0,0,0,0
Casa en venta en Manga,Manga,700000000,3.0,4.0,147.0,5.0,0,0,1,1,0,1,0,1,0,0,0,0,0,0,0,0,0,0,0,0,0,0,0,0,0,0,0,0,0,0,0,0
Casa en venta en El Educador,El Educador,350000000,2.0,4.0,153.0,3.0,0,1,0,0,0,0,0,1,0,0,0,0,0,0,0,0,0,0,0,0,0,0,0,0,0,0,0,0,0,0,0,0
Casa en venta en San Pedro,San Pedro,1100000000,5.0,7.0,172.0,5.0,1,1,1,0,1,0,0,1,0,0,1,0,0,0,0,0,0,0,0,0,0,0,0,0,0,0,0,0,0,0,0,0
Casa en venta en Pie de Popa,Pie de Popa,530000000,3.0,3.0,131.0,5.0,1,1,1,1,1,1,0,1,1,0,0,1,0,0,0,0,0,0,0,0,0,0,0,0,0,0,0,0,0,0,0,0
Casa en venta en Providencia,Providencia,1500000000,3.0,7.0,406.0,4.0,1,1,0,1,0,1,0,1,1,1,0,0,0,1,0,0,0,0,0,0,0,0,0,0,0,0,0,0,0,0,0,0
Casa en venta en Los Corrales,Los Corrales,370000000,2.0,4.0,103.0,4.0,1,1,0,0,0,0,0,0,0,1,0,0,0,0,0,0,0,0,1,0,0,0,0,0,0,1,0,0,0,0,0,0
Casa en venta en Ternera,Ternera,385000000,3.0,3.0,135.0,4.0,0,0,1,0,0,1,1,2,0,0,0,0,1,1,1,0,0,1,0,0,0,0,0,0,0,0,0,0,0,0,0,0
Casa en venta en Almirante Colon,Almirante Colon,450000000,3.0,5.0,300.0,3.0,0,0,0,0,0,0,0,0,0,0,0,0,0,0,0,0,0,0,0,0,0,0,0,0,0,0,0,0,0,0,0,0
Casa en venta en El Country,El Country,397000000,5.0,4.0,170.0,4.0,1,1,1,0,0,1,1,0,1,0,0,0,0,0,0,0,0,0,0,0,0,0,0,0,0,0,0,0,0,0,0,0
Casa en venta en La Concepción,La Concepción,360000000,4.0,4.0,720.0,4.0,0,0,0,0,0,0,0,0,0,0,0,0,0,0,0,0,0,0,0,0,0,0,0,0,0,0,0,0,0,0,0,0
Casa en venta en El Country,El Country,445000000,4.0,4.0,170.0,3.0,1,0,1,0,1,0,1,1,0,0,1,0,0,1,1,0,0,0,0,0,0,0,0,0,0,0,0,0,0,0,0,0
Casa en venta en Providencia,Providencia,330000000,3.0,3.0,212.0,3.0,0,0,0,0,0,0,0,0,0,0,0,0,0,0,0,0,0,0,0,0,0,0,0,0,0,0,0,0,0,0,0,0
Casa en venta en Ternera,Ternera,450000000,4.0,5.0,230.0,4.0,1,1,1,0,0,1,1,2,0,0,0,0,1,0,0,0,0,0,0,0,0,0,0,0,0,0,0,0,0,0,0,0
Casa en venta en Estela,Estela,790000000,3.0,4.0,184.0,5.0,1,1,1,0,1,1,1,1,1,0,0,0,0,0,0,0,0,0,0,0,0,0,0,0,0,0,0,0,0,0,0,0
Casa en venta en Manga,Manga,650000000,3.0,3.0,136.0,6.0,0,0,0,0,0,0,0,0,0,0,0,0,0,0,0,0,0,0,0,0,0,0,0,0,0,0,0,0,0,0,0,0
Casa en venta en Los Alpes,Los Alpes,250000000,2.0,3.0,77.0,3.0,0,0,0,0,0,0,0,0,0,0,0,0,0,0,0,0,0,0,0,0,0,0,0,0,0,0,0,0,0,0,0,0
Casa en venta en Pie de Popa,Pie de Popa,650000000,5.0,5.0,228.0,5.0,0,0,0,0,0,0,0,0,0,0,0,0,0,0,0,0,0,0,0,0,0,0,0,0,0,0,0,0,0,0,0,0
Casa en venta en La Concepción,La Concepción,430000000,3.0,3.0,140.0,4.0,0,0,0,0,0,0,0,0,0,0,0,0,0,0,0,0,0,0,0,0,0,0,0,0,0,0,0,0,0,0,0,0
Casa en venta en El Campestre,El Campestre,240000000,3.0,4.0,84.0,3.0,0,0,0,0,0,0,0,0,0,0,0,0,0,0,0,0,0,0,0,0,0,0,0,0,0,0,0,0,0,0,0,0
Casa en venta en Crespo,Crespo,1150000000,3.0,4.0,211.0,5.0,0,0,0,0,0,0,0,0,0,0,0,0,0,0,0,0,0,0,0,0,0,0,0,0,0,0,0,0,0,0,0,0
Casa en venta en España,España,350000000,3.0,4.0,100.0,3.0,0,0,0,0,0,0,0,0,0,0,0,0,0,0,0,0,0,0,0,0,0,0,0,0,0,0,0,0,0,0,0,0
Casa en venta en El Recreo,El Recreo,380000000,3.0,3.0,130.0,3.0,1,0,1,0,0,0,1,1,0,0,1,0,0,0,1,0,0,1,0,0,0,0,0,0,0,0,0,0,0,0,0,0
Casa en venta en Urbanización Anita,Urbanización Anita,290000000,3.0,4.0,186.0,3.0,0,0,0,0,0,0,0,0,0,0,0,0,0,0,0,0,0,0,0,0,0,0,0,0,0,0,0,0,0,0,0,0
Casa en venta en El Recreo,El Recreo,397000000,3.0,3.0,140.0,4.0,1,0,1,0,1,1,1,1,0,0,1,1,0,0,1,0,0,0,0,0,0,0,0,0,0,0,0,0,0,0,0,0
Casa en venta en Santa Rita,Santa Rita,500000000,4.0,6.0,190.0,3.0,0,0,0,0,0,0,0,0,0,0,0,0,0,0,0,0,0,0,0,0,0,0,0,0,0,0,0,0,0,0,0,0
Casa en venta en Lo Amador,Lo Amador,480000000,3.0,4.0,180.0,4.0,1,1,1,0,1,1,1,1,1,0,0,0,0,0,0,0,0,0,0,0,0,0,0,0,0,0,0,0,0,0,0,0
Casa en venta en Manga,Manga,1300000000,3.0,3.0,365.0,5.0,1,0,1,1,0,0,1,2,1,0,1,0,0,1,1,0,0,0,0,0,0,0,0,0,0,0,0,0,0,0,0,0
Casa en venta en Santa Rita,Santa Rita,300000000,2.0,3.0,194.0,3.0,0,0,0,0,0,1,0,1,0,0,0,0,0,0,0,0,0,0,0,0,0,0,0,0,0,0,0,0,0,0,0,0
Casa en venta en Providencia,Providencia,400000000,4.0,8.0,218.0,3.0,0,0,0,0,1,0,1,0,0,1,0,0,0,0,1,0,0,0,0,0,0,0,0,0,0,0,0,0,0,0,0,0
Casa en venta en El Recreo,El Recreo,460000000,4.0,4.0,360.0,4.0,0,0,0,0,0,0,0,0,0,0,0,0,0,0,0,0,0,0,0,0,0,0,0,0,0,0,0,0,0,0,0,0
Casa en venta en Manga,Manga,650000000,3.0,3.0,136.0,5.0,1,1,1,1,1,1,1,1,0,0,0,0,0,0,0,0,0,0,0,0,0,0,0,0,0,0,0,0,0,0,0,0
Casa en venta en El Centro,El Centro,1000000000,4.0,3.0,520.0,4.0,0,0,0,0,0,0,0,0,0,0,0,0,0,0,0,0,0,0,0,0,0,0,0,0,0,0,0,0,0,0,0,0
Casa en venta en La Concepción,La Concepción,1200000000,4.0,4.0,338.0,4.0,1,0,0,1,0,0,1,1,0,0,0,0,0,0,0,0,0,0,0,0,0,0,0,0,0,0,0,0,0,0,0,0
Casa en venta en El Campestre,El Campestre,1200000000,7.0,6.0,728.0,3.0,1,1,0,0,1,0,1,1,0,0,1,1,1,0,1,0,0,0,0,0,0,0,0,0,0,0,0,0,0,0,0,0
Casa en venta en Manga,Manga,950000000,5.0,3.0,210.0,5.0,1,1,1,1,1,1,0,2,1,1,1,0,0,1,0,1,0,0,0,0,0,0,0,0,0,0,0,0,0,0,0,0
Casa en venta en Pie de Popa,Pie de Popa,980000000,3.0,4.0,253.0,5.0,0,0,0,0,0,0,0,0,0,0,0,0,0,0,0,0,0,0,0,0,0,0,0,0,0,0,0,0,0,0,0,0
Casa en venta en Blas de Lezo,Blas de Lezo,430000000,2.0,4.0,168.0,3.0,1,1,0,0,0,1,0,1,0,1,0,0,0,0,0,0,0,0,0,0,1,0,0,0,0,0,0,0,0,0,0,0
Casa en venta en El Socorro,El Socorro,650000000,2.0,3.0,182.0,4.0,1,0,1,0,1,1,0,1,0,0,0,0,0,0,0,0,0,0,1,1,0,0,0,0,1,1,0,0,0,0,0,0
Casa en venta en El Recreo,El Recreo,350000000,3.0,3.0,140.0,4.0,1,1,0,0,0,0,1,0,1,0,0,0,0,0,1,0,0,0,0,0,0,0,0,0,0,0,0,0,0,0,0,0
Casa en venta en 13 de Junio,13 de Junio,260000000,2.0,4.0,160.0,3.0,0,1,1,0,1,1,0,1,0,0,0,0,0,0,0,0,0,0,0,0,0,0,0,0,0,0,0,0,0,0,0,0
Casa en venta en Pie de Popa,Pie de Popa,600000000,3.0,3.0,142.0,5.0,0,0,0,0,0,0,0,0,0,0,0,0,0,0,0,0,0,0,0,0,0,0,0,0,0,0,0,0,0,0,0,0
Casa en venta en San Pedro,San Pedro,520000000,2.0,3.0,88.0,5.0,1,1,1,1,1,0,1,2,1,0,0,0,1,0,0,1,0,1,0,0,0,0,1,0,0,0,0,0,0,0,0,0
Casa en venta en El Socorro,El Socorro,220000000,2.0,4.0,120.0,3.0,0,0,0,0,0,1,0,1,0,1,0,0,0,0,1,0,0,0,0,0,0,0,0,0,0,0,0,0,0,0,0,0
Casa en venta en Manga,Manga,750000000,2.0,3.0,200.0,5.0,0,0,0,0,0,0,0,0,0,0,0,0,0,0,0,0,0,0,0,0,0,0,0,0,0,0,0,0,0,0,0,0
Casa en venta en Manga,Manga,1703345000,6.0,10.0,1486.0,5.0,0,0,0,0,0,0,0,0,0,0,0,0,0,0,0,0,0,0,0,0,0,0,0,0,0,0,0,0,0,0,0,0
Casa en venta en El Bosque,El Bosque,700000000,4.0,4.0,205.0,4.0,0,0,0,0,0,0,0,0,0,0,0,0,0,0,0,0,0,0,0,0,0,0,0,0,0,0,0,0,0,0,0,0
Casa en venta en Manga,Manga,1200000000,9.0,16.0,310.0,5.0,1,0,0,0,1,0,0,1,0,0,0,0,0,0,0,0,0,0,0,0,0,0,0,0,0,0,0,0,0,0,0,0
Casa en venta en Alameda a Vistoria,Alameda a Vistoria,450000000,3.0,3.0,220.0,4.0,1,0,1,0,1,1,0,1,0,0,1,0,0,0,1,0,0,0,0,0,0,0,0,0,0,0,0,0,0,0,0,0
Casa en venta en Pie de Popa,Pie de Popa,1400000000,5.0,8.0,268.0,5.0,1,0,0,0,0,1,0,1,0,1,0,0,0,0,0,0,0,0,0,0,0,0,0,0,0,0,0,0,0,0,0,0
Casa en venta en El Rubí,El Rubí,680000000,3.0,6.0,403.0,4.0,0,0,0,0,0,0,0,0,0,0,0,0,0,0,0,0,0,0,0,0,0,0,0,0,0,0,0,0,0,0,0,0
Casa en venta en San Pedro,San Pedro,300000000,3.0,3.0,75.0,3.0,1,1,0,0,0,0,0,1,0,0,0,0,0,0,0,0,0,0,0,0,0,0,0,0,0,0,0,0,0,0,0,0
Casa en venta en Santa Lucía,Santa Lucía,600000000,3.0,3.0,96.0,4.0,0,0,0,0,0,1,0,2,1,0,0,0,0,0,0,0,0,0,0,0,0,0,0,0,0,0,0,0,0,0,0,0
Casa en venta en Espinal,Espinal,550000000,3.0,4.0,350.0,3.0,0,0,0,0,0,0,0,0,0,0,0,0,0,0,0,0,0,0,0,0,0,0,0,0,0,0,0,0,0,0,0,0
Casa en venta en Pie de Popa,Pie de Popa,690000000,4.0,4.0,205.0,4.0,1,1,1,1,1,0,0,1,1,1,1,0,0,0,0,0,0,0,0,0,0,0,0,0,0,0,0,0,0,0,0,0
Casa en venta en Manga,Manga,900000000,2.0,3.0,271.0,5.0,1,1,1,0,0,1,0,1,0,0,0,0,0,0,0,0,0,0,0,0,0,0,0,0,0,0,0,0,0,0,0,0
Casa en venta en Santa Rita,Santa Rita,780000000,7.0,10.0,301.0,2.0,0,0,0,0,0,0,0,0,0,0,0,0,0,0,0,0,0,0,0,0,0,0,0,0,0,0,0,0,0,0,0,0
Casa en venta en Crespo,Crespo,370000000,2.0,3.0,108.0,5.0,1,0,1,1,0,0,1,0,0,0,0,0,0,0,0,0,0,0,0,0,0,0,0,0,0,0,0,0,0,0,0,0
Casa en venta en El Recreo,El Recreo,320000000,2.0,3.0,127.0,4.0,1,1,1,0,1,0,1,0,0,1,1,0,0,0,1,0,0,1,1,0,0,0,0,0,1,1,0,0,0,0,0,1
Casa en venta en Manga,Manga,1250000000,3.0,3.0,280.0,5.0,0,0,0,0,0,0,0,0,0,0,0,0,0,0,0,0,0,0,0,0,0,0,0,0,0,0,0,0,0,0,0,0
Casa en venta en Providencia,Providencia,560000000,2.0,3.0,145.0,5.0,1,1,1,0,0,1,1,1,0,0,0,0,1,0,0,0,0,0,1,1,0,0,1,0,1,1,1,1,1,0,0,0
Casa en venta en El Country,El Country,500000000,3.0,4.0,260.0,3.0,1,1,1,0,1,0,0,1,1,0,1,0,0,1,0,0,0,0,0,0,0,1,0,0,0,0,0,0,0,0,0,0
Casa en venta en Manga,Manga,900000000,4.0,6.0,219.0,5.0,0,0,0,0,0,0,0,0,0,0,0,0,0,0,0,0,0,0,0,0,0,0,0,0,0,0,0,0,0,0,0,0
Casa en venta en Manga,Manga,900000000,4.0,5.0,108.0,5.0,1,0,1,1,1,1,1,1,0,0,0,0,0,0,0,0,0,0,0,0,0,0,0,0,0,0,0,0,0,0,0,0
Casa en venta en Manga,Manga,650000000,4.0,5.0,160.0,5.0,0,0,0,0,0,0,0,0,0,0,0,0,0,0,0,0,0,0,0,0,0,0,0,0,0,0,0,0,0,0,0,0
Casa en venta en Pie de Popa,Pie de Popa,650000000,5.0,4.0,210.0,4.0,1,1,1,1,1,1,1,0,1,0,0,0,1,0,0,0,0,0,0,0,0,0,0,0,0,0,0,0,0,0,0,0
Casa en venta en El Campestre,El Campestre,280000000,2.0,4.0,168.0,3.0,0,0,0,0,0,0,0,0,0,0,0,0,0,0,0,0,0,0,0,0,0,0,0,0,0,0,0,0,0,0,0,0
Casa en venta en Bruselas,Bruselas,350000000,2.0,4.0,300.0,3.0,0,0,0,0,0,0,0,0,0,0,0,0,0,0,0,0,0,0,0,0,0,0,0,0,0,0,0,0,0,0,0,0
Casa en venta en Pie de Popa,Pie de Popa,1300000000,2.0,6.0,297.0,3.0,1,0,0,1,0,1,0,1,1,1,0,0,0,0,0,0,0,0,0,0,0,0,0,0,0,0,0,0,0,0,0,0
Casa en venta en La Princesa,La Princesa,260000000,3.0,4.0,105.0,2.0,1,0,0,1,0,1,0,1,0,0,0,0,0,0,0,0,0,0,0,0,0,0,0,0,0,0,0,0,0,0,0,0
Casa en venta en El Recreo,El Recreo,1050000000,2.0,3.0,300.0,3.0,1,1,1,0,0,1,0,2,1,1,0,1,0,0,1,0,0,0,0,0,0,0,0,0,0,0,0,0,0,0,0,0
Casa en venta en El Campestre,El Campestre,218000000,2.0,3.0,102.0,3.0,0,1,0,0,1,1,1,0,1,0,0,0,0,0,0,0,0,0,0,0,0,0,0,0,0,0,0,0,0,0,0,0
Casa en venta en El Campestre,El Campestre,280000000,3.0,3.0,140.0,3.0,1,1,1,0,1,1,0,1,0,0,0,0,0,0,0,0,0,0,0,0,0,0,0,0,0,0,0,0,0,0,0,0
Casa en venta en Pie de Popa,Pie de Popa,950000000,3.0,3.0,320.0,5.0,0,0,0,0,0,0,0,0,0,0,0,0,0,0,0,0,0,0,0,0,0,0,0,0,0,0,0,0,0,0,0,0
Casa en venta en Manga,Manga,1500000000,5.0,7.0,500.0,5.0,1,1,1,0,0,1,0,1,0,0,0,0,0,0,0,0,0,0,0,0,0,0,0,0,0,0,0,0,0,0,0,0
Casa en venta en 13 de Junio,13 de Junio,1250000000,4.0,5.0,550.0,3.0,1,0,1,0,0,0,0,1,0,0,0,0,0,0,1,0,0,0,0,0,0,0,0,0,0,0,0,0,0,0,0,0
Casa en venta en La Troncal,La Troncal,1250000000,4.0,3.0,217.0,6.0,0,0,0,0,0,0,0,0,0,0,0,0,0,0,0,0,0,0,0,0,0,0,0,0,0,0,0,0,0,0,0,0
Casa en venta en Los Alpes,Los Alpes,250000000,2.0,4.0,120.0,3.0,0,1,0,0,1,1,0,1,0,0,0,1,0,0,0,0,0,0,0,0,0,0,0,0,0,0,0,0,0,0,0,0
Casa en venta en Providencia,Providencia,350000000,3.0,3.0,130.0,4.0,1,0,1,0,1,1,1,2,0,0,0,0,1,0,1,0,0,0,0,0,0,0,0,0,0,0,0,0,0,0,0,0
Casa en venta en Urbanización Los Corales,Urbanización Los Corales,350000000,3.0,3.0,133.0,3.0,1,0,0,0,0,0,0,1,0,0,0,0,0,0,0,0,0,0,0,0,0,0,0,0,0,0,0,0,0,0,0,0
Casa en venta en Crespo,Crespo,350000000,2.0,5.0,140.0,3.0,1,1,1,0,0,0,0,0,0,0,1,0,0,0,1,0,0,0,0,0,0,0,0,0,0,0,0,0,0,0,0,0
Casa en venta en Ternera,Ternera,280000000,2.0,4.0,80.0,3.0,0,0,0,0,0,0,0,0,0,0,0,0,0,0,0,0,0,0,0,0,0,0,0,0,0,0,0,0,0,0,0,0
Casa en venta en Centro,Centro,1000000000,4.0,5.0,150.0,4.0,0,0,0,0,1,1,0,0,0,1,0,1,0,0,1,0,0,0,0,0,0,0,0,0,0,0,0,0,0,0,0,0
Casa en venta en Pie de Popa,Pie de Popa,700000000,4.0,4.0,300.0,5.0,1,0,0,1,1,0,1,0,0,0,0,0,0,0,0,0,0,0,0,0,0,0,0,0,0,0,0,0,0,0,0,0
Casa en venta en Calamares,Calamares,350000000,2.0,4.0,115.0,3.0,0,0,0,0,0,0,0,0,0,0,0,0,0,0,0,0,0,0,0,0,0,0,0,0,0,0,0,0,0,0,0,0
Casa en venta en Ciudadela 11 de Noviembre,Ciudadela 11 de Noviembre,415000000,3.0,4.0,154.0,3.0,1,1,1,0,0,0,1,0,0,0,1,0,1,0,0,0,0,0,1,1,0,0,0,0,1,0,1,1,0,1,0,0
Casa en venta en Providencia,Providencia,550000000,4.0,4.0,186.0,4.0,1,1,1,0,1,0,1,1,0,0,1,0,1,0,1,0,0,1,0,0,0,0,0,0,0,0,0,0,0,0,0,0
Casa en venta en El Recreo,El Recreo,380000000,3.0,3.0,132.0,4.0,1,0,1,0,1,0,0,0,1,0,0,0,0,0,1,0,0,0,0,0,0,0,0,0,0,0,0,0,0,0,0,0
Casa en venta en El Bosque,El Bosque,397000000,3.0,5.0,300.0,3.0,1,0,0,0,1,0,0,1,0,1,0,0,0,0,1,0,0,0,0,0,0,0,0,0,0,0,0,0,0,0,0,0
Casa en venta en Camaguey,Camaguey,300000000,2.0,5.0,150.0,3.0,0,0,0,0,0,0,0,0,0,0,0,0,0,0,0,0,0,0,0,0,0,0,0,0,0,0,0,0,0,0,0,0
Casa en venta en Pie de Popa,Pie de Popa,780000000,5.0,5.0,225.0,4.0,1,1,1,0,1,1,0,1,1,1,1,0,0,0,0,0,0,0,0,0,0,0,0,0,0,0,0,0,0,0,0,0
Casa en venta en Las Delicias,Las Delicias,480000000,2.0,4.0,131.0,3.0,0,0,0,0,0,0,0,0,0,0,0,0,0,0,0,0,0,0,0,0,0,0,0,0,0,0,0,0,0,0,0,0
Casa en venta en Pie de Popa,Pie de Popa,700000000,5.0,5.0,500.0,4.0,1,1,0,1,1,1,0,1,0,1,0,0,0,1,0,0,0,0,0,0,0,0,0,0,0,0,0,0,0,0,0,0
Casa en venta en Canapote,Canapote,450000000,2.0,5.0,200.0,3.0,0,0,0,0,0,0,0,0,0,0,0,0,0,0,0,0,0,0,0,0,0,0,0,0,0,0,0,0,0,0,0,0
Casa en venta en San Fernando,San Fernando,400000000,4.0,7.0,250.0,3.0,0,1,0,0,0,1,0,1,0,1,0,0,0,0,0,0,0,0,0,0,0,0,0,0,0,0,0,0,0,0,0,0
Casa en venta en Santa Monica,Santa Monica,500000000,5.0,8.0,256.0,3.0,0,0,0,0,0,0,0,0,0,0,0,0,0,0,0,0,0,0,0,0,0,0,0,0,0,0,0,0,0,0,0,0
Casa en venta en Martínez Mátelo,Martínez Mátelo,850000000,3.0,4.0,300.0,3.0,0,0,0,0,0,0,0,0,0,0,0,0,0,0,0,0,0,0,0,0,0,0,0,0,0,0,0,0,0,0,0,0
Casa en venta en 13 de Junio,13 de Junio,1250000000,2.0,2.0,360.0,2.0,0,0,0,0,0,0,0,0,0,0,0,0,0,0,0,0,0,0,0,0,0,0,0,0,0,0,0,0,0,0,0,0
Casa en venta en Alpes,Alpes,280000000,2.0,3.0,72.0,4.0,0,0,0,0,0,0,0,0,0,0,0,0,0,0,0,0,0,0,0,0,0,0,0,0,0,0,0,0,0,0,0,0
Casa en venta en El Bosque,El Bosque,500000000,3.0,6.0,162.0,4.0,0,0,0,0,0,0,0,0,0,0,0,0,0,0,0,0,0,0,0,0,0,0,0,0,0,0,0,0,0,0,0,0
Casa en venta en El Recreo,El Recreo,360000000,2.0,4.0,98.0,4.0,0,0,0,0,0,0,0,0,0,0,0,0,0,0,0,0,0,0,0,0,0,0,0,0,0,0,0,0,0,0,0,0
Casa en venta en Florida Blanca,Florida Blanca,255000000,2.0,4.0,210.0,3.0,0,0,0,0,0,0,0,0,0,0,0,0,0,0,0,0,0,0,0,0,0,0,0,0,0,0,0,0,0,0,0,0
Casa en venta en El Campestre,El Campestre,230000000,2.0,5.0,160.0,2.0,0,0,0,0,1,1,0,1,1,0,0,0,0,0,0,0,0,0,0,0,0,0,0,0,0,0,0,0,0,0,0,0
Casa en venta en Gaviotas,Gaviotas,850000000,6.0,7.0,150.0,4.0,0,0,0,0,0,0,0,0,0,0,0,0,0,0,0,0,0,0,0,0,0,0,0,0,0,0,0,0,0,0,0,0
Casa en venta en Manga,Manga,880000000,2.0,3.0,258.0,4.0,1,1,0,1,0,1,0,1,0,0,0,0,0,0,0,0,0,0,0,0,0,0,0,0,0,0,0,0,0,0,0,0
Casa en venta en Lo Amador,Lo Amador,850000000,3.0,6.0,160.0,2.0,1,0,0,0,0,1,0,1,0,0,0,0,0,0,0,0,0,0,0,0,0,0,0,0,0,0,0,0,0,0,0,0
Casa en venta en Manga,Manga,1300000000,4.0,4.0,194.0,5.0,1,0,0,0,1,1,0,1,0,0,0,0,0,0,0,0,0,0,0,0,0,0,0,0,0,0,0,0,0,0,0,0
Casa en venta en Ternera,Ternera,830000000,2.0,3.0,280.0,5.0,0,0,0,0,0,0,0,0,0,0,0,0,0,0,0,0,0,0,0,0,0,0,0,0,0,0,0,0,0,0,0,0
Casa en venta en Alto Bosque,Alto Bosque,263500000,2.0,3.0,94.0,4.0,0,0,0,0,0,0,0,0,0,0,0,0,0,0,0,0,0,0,0,0,0,0,0,0,0,0,0,0,0,0,0,0
Casa en venta en Los Alpes,Los Alpes,330000000,3.0,4.0,145.0,3.0,0,0,0,0,0,0,0,0,0,0,0,0,0,0,0,0,0,0,0,0,0,0,0,0,0,0,0,0,0,0,0,0
Casa en venta en Alameda a Vistoria,Alameda a Vistoria,630000000,4.0,5.0,414.0,3.0,1,0,1,0,1,0,1,1,0,0,1,1,0,1,1,0,0,0,0,0,0,0,0,0,0,0,0,0,0,0,0,0
Casa en venta en Torices,Torices,900000000,8.0,13.0,430.0,3.0,0,0,0,0,1,1,0,1,0,0,0,0,0,0,0,0,0,0,0,0,0,0,0,0,0,0,0,0,0,0,0,0
Casa en venta en Manga,Manga,780000000,5.0,5.0,176.0,5.0,1,0,0,0,0,0,0,1,0,0,1,1,0,0,1,0,0,0,0,0,1,0,0,0,0,0,0,0,0,0,0,0
Casa en venta en Amberes,Amberes,550000000,2.0,4.0,140.0,3.0,1,1,0,0,0,1,0,1,0,0,0,0,0,0,0,0,0,0,0,0,0,0,0,0,0,0,0,0,0,0,0,0
Casa en venta en El Gallo,El Gallo,620000000,4.0,3.0,220.0,5.0,1,1,1,1,1,1,0,1,1,0,0,0,0,0,0,0,0,0,0,0,0,0,0,0,0,0,0,0,0,0,0,0
Casa en venta en Manga,Manga,690000000,2.0,3.0,193.0,4.0,0,0,0,0,0,0,0,0,0,0,0,0,0,0,0,0,0,0,0,0,0,0,0,0,0,0,0,0,0,0,0,0
Casa en venta en Escalón Villa,Escalón Villa,650000000,2.0,5.0,325.0,3.0,1,0,0,1,1,0,0,0,1,1,0,1,0,0,1,0,0,0,0,0,0,0,0,0,0,0,0,0,0,0,0,0
Casa en venta en El Campestre,El Campestre,300000000,3.0,4.0,240.0,3.0,0,0,0,0,0,0,0,0,0,0,0,0,0,0,0,0,0,0,0,0,0,0,0,0,0,0,0,0,0,0,0,0
Casa en venta en La Quinta,La Quinta,1200000000,5.0,5.0,3000.0,3.0,1,1,1,0,0,0,1,0,1,1,1,1,0,0,1,0,0,0,0,0,0,0,0,0,0,0,0,0,0,0,0,0
Casa en venta en Los Corrales,Los Corrales,345000000,3.0,3.0,94.0,3.0,1,1,0,0,0,1,0,0,0,0,0,0,0,1,0,0,0,0,1,1,1,0,0,1,0,0,1,1,0,0,1,0
Casa en venta en Lo Amador,Lo Amador,370000000,2.0,4.0,92.0,4.0,0,0,0,0,0,0,0,0,0,0,0,0,0,0,0,0,0,0,0,0,0,0,0,0,0,0,0,0,0,0,0,0
Casa en venta en Urbanización Los Corales,Urbanización Los Corales,400000000,3.0,4.0,170.0,4.0,0,0,0,0,0,0,0,0,0,0,0,0,0,0,0,0,0,0,0,0,0,0,0,0,0,0,0,0,0,0,0,0
Casa en venta en Santa Clara,Santa Clara,260000000,3.0,3.0,150.0,4.0,0,0,0,0,0,0,0,0,0,0,0,0,0,0,0,0,0,0,0,0,0,0,0,0,0,0,0,0,0,0,0,0
Casa en venta en Ternera,Ternera,370000000,3.0,3.0,120.0,4.0,1,1,1,0,1,0,1,0,0,0,0,0,1,0,0,0,0,0,0,0,0,0,0,0,0,0,0,0,0,0,0,0
Casa en venta en La Matuna,La Matuna,1300000000,3.0,3.0,217.0,5.0,1,1,1,0,1,0,1,1,1,1,0,1,0,0,1,0,0,0,0,0,0,0,0,0,0,0,0,0,0,0,0,0
Casa en venta en Blas de Lezo,Blas de Lezo,330000000,4.0,6.0,218.0,3.0,0,0,0,0,0,0,0,0,0,0,0,0,0,0,0,0,0,0,0,0,0,0,0,0,0,0,0,0,0,0,0,0
Casa en venta en El Bosque,El Bosque,1200000000,5.0,4.0,307.0,3.0,1,1,1,0,0,0,0,1,0,0,0,0,0,0,0,0,0,0,0,0,1,0,0,0,0,0,0,0,0,0,0,0
Casa en venta en Santa Rita,Santa Rita,500000000,4.0,6.0,190.0,3.0,0,0,1,0,0,0,0,1,1,0,0,0,0,0,0,0,0,0,0,0,0,0,0,0,0,0,0,0,0,0,0,0
Casa en venta en Los Caracoles,Los Caracoles,285000000,2.0,3.0,145.0,2.0,0,0,1,0,1,1,0,1,0,0,0,0,0,0,0,0,0,0,0,0,0,0,0,0,0,0,0,0,0,0,0,0
Casa en venta en El Country,El Country,380000000,2.0,3.0,101.0,3.0,0,0,0,0,0,0,0,0,0,0,0,0,0,0,0,0,0,0,0,0,0,0,0,0,0,0,0,0,0,0,0,0
Casa en venta en Pie de Popa,Pie de Popa,700000000,4.0,4.0,300.0,5.0,0,1,0,1,1,0,1,1,0,0,0,0,0,0,0,0,0,0,0,0,0,0,0,0,0,0,0,0,0,0,0,0
Casa en venta en Martínez Mátelo,Martínez Mátelo,830000000,5.0,8.0,415.0,4.0,1,1,1,0,0,1,0,1,1,0,0,0,0,0,1,0,0,0,0,0,0,0,0,0,0,0,0,0,0,0,0,0
Casa en venta en San Pedro,San Pedro,1600000000,6.0,6.0,350.0,3.0,0,0,0,0,0,0,0,0,0,0,0,0,0,0,0,0,0,0,0,0,0,0,0,0,0,0,0,0,0,0,0,0
Casa en venta en El Socorro,El Socorro,330000000,3.0,5.0,170.0,3.0,1,0,1,0,1,0,0,0,0,0,1,0,0,0,1,0,0,0,0,0,0,0,0,0,0,0,0,0,0,0,0,0
Casa en venta en Manga,Manga,1500000000,5.0,5.0,325.0,5.0,1,0,1,1,0,0,0,2,1,0,0,0,0,0,1,0,0,0,0,0,1,0,1,0,0,0,0,0,0,0,0,0
Casa en venta en Urbanización Anita,Urbanización Anita,400000000,3.0,4.0,150.0,3.0,0,0,0,0,0,0,0,0,0,0,0,0,0,0,0,0,0,0,0,0,0,0,0,0,0,0,0,0,0,0,0,0
Casa en venta en Crespo,Crespo,880000000,3.0,7.0,576.0,6.0,0,0,0,0,0,0,0,0,0,0,0,0,0,0,0,0,0,0,0,0,0,0,0,0,0,0,0,0,0,0,0,0
Casa en venta en Manga,Manga,1500000000,2.0,6.0,480.0,5.0,0,0,0,0,0,0,0,0,0,0,0,0,0,0,0,0,0,0,0,0,0,0,0,0,0,0,0,0,0,0,0,0
Casa en venta en Manga,Manga,600000000,3.0,3.0,102.0,4.0,1,1,1,0,0,0,1,1,1,0,1,0,0,0,0,0,0,0,0,0,0,0,0,0,0,0,0,0,0,0,0,0
Casa en venta en El Country,El Country,350000000,2.0,3.0,124.0,3.0,1,1,1,0,0,1,1,1,1,0,0,0,0,0,0,0,0,0,0,0,0,0,0,0,0,0,0,0,0,0,0,0
Casa en venta en El Campestre,El Campestre,1200000000,7.0,6.0,728.0,3.0,1,1,0,0,1,0,1,1,0,0,1,1,1,0,1,0,0,0,0,0,0,0,0,0,0,0,0,0,0,0,0,0
Casa en venta en Urbanizacion Barlovento,Urbanizacion Barlovento,250000000,2.0,3.0,160.0,4.0,0,0,0,0,0,0,0,0,0,0,0,0,0,0,0,0,0,0,0,0,0,0,0,0,0,0,0,0,0,0,0,0
Casa en venta en El Bosque,El Bosque,880000000,3.0,7.0,350.0,4.0,0,0,0,0,0,0,0,0,0,0,0,0,0,0,0,0,0,0,0,0,0,0,0,0,0,0,0,0,0,0,0,0
Casa en venta en El Bosque,El Bosque,250000000,2.0,3.0,98.0,5.0,0,0,0,0,0,0,0,0,0,0,0,0,0,0,0,0,0,0,0,0,0,0,0,0,0,0,0,0,0,0,0,0
Casa en venta en Castillo Grande,Castillo Grande,1650000000,3.0,3.0,340.0,6.0,1,1,1,1,0,0,0,0,0,1,1,0,0,0,0,0,0,0,0,0,0,0,1,0,0,0,0,0,0,0,0,0
Casa en venta en Santa Rita,Santa Rita,430000000,2.0,3.0,92.0,4.0,0,0,0,0,0,0,0,0,0,0,0,0,0,0,0,0,0,0,0,0,0,0,0,0,0,0,0,0,0,0,0,0
Casa en venta en Bocagrande,Bocagrande,800000000,2.0,3.0,455.0,3.0,0,0,0,0,0,0,0,0,0,0,0,0,0,0,0,0,0,0,0,0,0,0,0,0,0,0,0,0,0,0,0,0
Casa en venta en Manga,Manga,428000000,3.0,3.0,200.0,4.0,1,0,1,0,1,1,1,1,0,0,0,1,0,0,0,0,0,0,0,0,0,0,0,0,0,0,0,0,0,0,0,0
Casa en venta en El Socorro,El Socorro,320000000,3.0,4.0,140.0,3.0,1,1,1,0,1,1,0,1,1,0,0,0,0,0,0,0,0,0,0,0,0,0,0,0,0,0,0,0,0,0,0,0
Casa en venta en El Socorro,El Socorro,290000000,2.0,5.0,118.0,3.0,1,1,1,1,1,1,1,1,1,0,0,0,0,0,0,0,0,0,0,0,0,0,0,0,0,0,0,0,0,0,0,0
Casa en venta en Pie de Popa,Pie de Popa,920000000,2.0,5.0,324.0,3.0,0,0,0,0,0,0,0,0,0,0,0,0,0,0,0,0,0,0,0,0,0,0,0,0,0,0,0,0,0,0,0,0
Casa en venta en El Recreo,El Recreo,460000000,2.0,3.0,290.0,3.0,0,1,0,1,0,1,0,1,0,0,0,0,0,0,0,0,0,0,0,0,0,0,0,0,0,0,0,0,0,0,0,0
Casa en venta en Pie de Popa,Pie de Popa,950000000,3.0,3.0,435.0,5.0,1,0,0,1,0,0,0,0,0,0,0,1,0,0,1,0,0,0,0,0,0,0,0,0,0,0,0,0,0,0,0,0
Casa en venta en Manga,Manga,1500000000,3.0,8.0,495.0,5.0,0,0,0,0,0,0,0,0,0,0,0,0,0,0,0,0,0,0,0,0,0,0,0,0,0,0,0,0,0,0,0,0
Casa en venta en Urbanizacion La Troncal,Urbanizacion La Troncal,380000000,2.0,3.0,165.0,4.0,1,0,0,0,0,0,1,1,0,0,0,0,0,0,0,0,0,0,0,0,0,0,0,0,0,0,0,0,0,0,0,0
Casa en venta en Crespo,Crespo,800000000,3.0,3.0,250.0,5.0,1,1,1,1,0,1,0,1,0,0,0,0,0,0,0,0,0,0,1,1,0,0,0,1,0,0,0,0,0,0,0,0
Casa en venta en Manga,Manga,900000000,3.0,4.0,240.0,4.0,1,0,1,0,0,1,1,2,1,0,1,1,0,0,1,0,0,0,0,0,1,1,0,0,0,0,0,0,0,0,0,0
Casa en venta en Las Gaviotas,Las Gaviotas,580000000,2.0,3.0,217.0,3.0,0,0,0,0,0,1,1,0,0,0,0,0,0,0,0,0,0,0,0,0,0,0,0,0,0,0,0,0,0,0,0,0
Casa en venta en Providencia,Providencia,300000000,2.0,3.0,83.0,3.0,0,0,0,0,0,0,0,0,0,0,0,0,0,0,0,0,0,0,0,0,0,0,0,0,0,0,0,0,0,0,0,0
Casa en venta en El Pozo,El Pozo,799000000,5.0,4.0,350.0,5.0,0,0,0,0,0,0,0,0,0,0,0,0,0,0,0,0,0,0,0,0,0,0,0,0,0,0,0,0,0,0,0,0
Casa en venta en Los Corrales,Los Corrales,300000000,2.0,3.0,140.0,4.0,0,0,0,0,0,0,0,0,0,0,0,0,0,0,0,0,0,0,0,0,0,0,0,0,0,0,0,0,0,0,0,0
Casa en venta en Ternera,Ternera,380000000,3.0,3.0,128.0,3.0,1,1,1,0,1,0,1,1,1,1,0,0,0,0,0,0,0,0,0,0,0,0,0,0,0,0,0,0,0,0,0,0
Casa en venta en Santa Rita,Santa Rita,335000000,3.0,3.0,120.0,3.0,0,0,0,0,0,0,0,0,0,0,0,0,0,0,0,0,0,0,0,0,0,0,0,0,0,0,0,0,0,0,0,0
Casa en venta en Beirut 1,Beirut 1,370000000,3.0,3.0,109.0,4.0,1,1,1,0,1,0,1,2,1,0,1,1,0,0,0,0,0,0,0,0,0,0,0,0,0,0,0,0,0,0,0,0
Casa en venta en Manga,Manga,650000000,3.0,3.0,136.0,5.0,1,1,1,1,1,0,0,1,0,0,0,0,0,1,0,0,0,0,0,0,0,0,0,0,0,0,0,0,0,0,0,0
Casa en venta en Crespo,Crespo,600000000,3.0,3.0,170.0,4.0,1,1,0,1,1,0,1,0,1,0,0,0,1,0,0,0,0,0,0,0,0,0,0,0,0,0,0,0,0,0,0,0
Casa en venta en El Campestre,El Campestre,290000000,3.0,3.0,144.0,4.0,0,0,0,0,0,0,0,0,0,0,0,0,0,0,0,0,0,0,0,0,0,0,0,0,0,0,0,0,0,0,0,0
Casa en venta en Santa Lucía,Santa Lucía,700000000,5.0,4.0,108.0,4.0,0,0,0,0,0,0,0,0,0,0,0,0,0,0,0,0,0,0,0,0,0,0,0,0,0,0,0,0,0,0,0,0
Casa en venta en El Recreo,El Recreo,380000000,3.0,3.0,120.0,4.0,1,0,1,0,1,1,1,1,0,0,0,1,0,0,1,0,0,0,0,0,0,0,0,0,0,0,0,0,0,0,0,0
Casa en venta en Amberes,Amberes,790000000,4.0,4.0,450.0,3.0,0,1,0,1,0,0,0,1,0,0,0,0,0,0,0,0,0,0,0,0,0,0,0,0,0,0,0,0,0,0,0,0
Casa en venta en El Country,El Country,670000000,4.0,6.0,330.0,4.0,1,0,1,0,1,0,1,1,0,0,1,1,0,1,1,0,0,1,0,0,0,0,0,0,0,0,0,0,0,0,0,0
Casa en venta en Manga,Manga,590000000,2.0,3.0,137.0,5.0,1,0,1,1,1,1,0,1,0,0,0,0,0,0,0,0,0,0,0,0,0,0,0,0,0,0,0,0,0,0,0,0
Casa en venta en La Princesa,La Princesa,210000000,2.0,3.0,78.0,2.0,0,0,0,0,0,0,0,0,0,0,0,0,0,0,0,0,0,0,0,0,0,0,0,0,0,0,0,0,0,0,0,0
Casa en venta en Pie de Popa,Pie de Popa,500000000,3.0,3.0,131.0,4.0,1,1,1,1,1,0,1,2,1,0,0,0,0,1,0,0,0,0,0,0,0,0,0,0,0,0,0,0,0,0,0,0
Casa en venta en Santa Rita,Santa Rita,550000000,3.0,4.0,165.0,4.0,0,0,0,0,0,0,0,0,0,0,0,0,0,0,0,0,0,0,0,0,0,0,0,0,0,0,0,0,0,0,0,0
Casa en venta en Blas de Lezo,Blas de Lezo,355000000,5.0,6.0,228.0,3.0,1,1,1,0,1,1,0,1,0,0,0,0,0,0,0,0,0,0,0,0,0,0,0,0,0,0,0,0,0,0,0,0
Casa en venta en Calamares,Calamares,270000000,2.0,3.0,98.0,3.0,0,0,0,0,0,0,0,0,0,0,0,0,0,0,0,0,0,0,0,0,0,0,0,0,0,0,0,0,0,0,0,0
Casa en venta en Zaragocilla,Zaragocilla,400000000,2.0,3.0,300.0,3.0,0,0,0,0,0,0,0,0,0,0,0,0,0,0,0,0,0,0,0,0,0,0,0,0,0,0,0,0,0,0,0,0
Casa en venta en Torices,Torices,350000000,2.0,3.0,142.0,3.0,0,0,0,0,0,0,0,0,0,0,0,0,0,0,0,0,0,0,0,0,0,0,0,0,0,0,0,0,0,0,0,0
Casa en venta en Alto Bosque,Alto Bosque,1300000000,8.0,9.0,469.0,4.0,0,0,0,0,0,0,0,0,0,0,0,0,0,0,0,0,0,0,0,0,0,0,0,0,0,0,0,0,0,0,0,0
Casa en venta en Pie de Popa,Pie de Popa,780000000,3.0,3.0,220.0,5.0,0,0,0,0,0,0,0,0,0,0,0,0,0,0,0,0,0,0,0,0,0,0,0,0,0,0,0,0,0,0,0,0
Casa en venta en Alameda a Vistoria,Alameda a Vistoria,260000000,4.0,4.0,220.0,4.0,0,0,0,0,0,0,1,1,1,1,0,0,0,0,1,0,0,0,0,0,0,0,0,0,0,0,0,0,0,0,0,0
Casa en venta en Los Corrales,Los Corrales,430000000,6.0,7.0,162.0,4.0,0,1,1,0,0,1,0,1,1,0,0,0,0,0,0,0,0,0,0,0,0,0,0,0,0,0,0,0,0,0,0,0
Casa en venta en Ternera,Ternera,530000000,3.0,4.0,185.0,4.0,1,1,1,1,1,1,1,2,1,1,1,0,1,0,1,0,0,0,0,0,0,0,0,0,0,0,0,0,0,0,0,0
Casa en venta en Santa Rita,Santa Rita,650000000,7.0,8.0,253.0,3.0,0,1,0,0,0,0,0,1,1,1,1,0,1,0,0,0,0,0,0,0,0,0,0,0,0,0,0,0,0,0,0,0
Casa en venta en San Fernando,San Fernando,230000000,2.0,2.0,90.0,3.0,0,0,0,0,0,0,1,0,1,0,0,0,0,0,1,0,0,0,0,0,0,0,0,0,0,0,0,0,0,0,0,0
Casa en venta en Castillo Grande,Castillo Grande,1650000000,3.0,3.0,340.0,6.0,1,0,1,1,0,0,0,1,0,0,0,0,0,0,0,0,0,0,0,0,0,0,0,0,0,0,0,0,0,0,0,0
Casa en venta en Manga,Manga,750000000,2.0,4.0,150.0,5.0,0,1,0,1,0,1,0,2,0,0,0,0,0,0,0,0,0,0,0,0,0,0,0,0,0,0,0,0,0,0,0,0
Casa en venta en El Recreo,El Recreo,360000000,3.0,3.0,137.0,4.0,1,1,1,1,1,1,1,1,0,0,0,0,1,0,0,0,0,0,0,0,0,0,0,0,0,0,0,0,0,0,0,0
Casa en venta en Las Gaviotas,Las Gaviotas,480000000,4.0,4.0,180.0,2.0,0,1,1,0,0,0,0,1,0,0,0,0,0,0,0,0,0,0,0,0,0,0,0,0,0,0,0,0,0,0,0,0
Casa en venta en Villa Rubia,Villa Rubia,280000000,4.0,4.0,129.0,4.0,1,0,0,0,1,0,0,1,0,0,0,0,0,0,0,0,0,0,0,0,0,0,0,0,0,0,0,0,0,0,0,0
Casa en venta en Los Caracoles,Los Caracoles,300000000,4.0,7.0,162.0,3.0,1,1,0,0,1,1,0,1,0,0,0,0,0,0,0,0,0,0,0,1,0,0,0,1,0,0,0,0,0,0,0,0
Casa en venta en San Fernando,San Fernando,315000000,2.0,3.0,120.0,3.0,0,0,0,0,0,0,0,0,0,0,0,0,0,0,0,0,0,0,0,0,0,0,0,0,0,0,0,0,0,0,0,0
Casa en venta en Alameda a Vistoria,Alameda a Vistoria,350000000,3.0,3.0,140.0,4.0,0,0,1,0,1,0,1,2,0,0,1,0,0,0,1,0,0,0,0,0,0,0,0,0,0,0,0,0,0,0,0,0
Casa en venta en El Recreo,El Recreo,400000000,3.0,3.0,140.0,4.0,1,1,1,0,1,1,0,1,0,0,0,0,0,0,0,0,0,0,0,0,0,0,0,0,0,0,0,0,0,0,0,0
Casa en venta en Los Caracoles,Los Caracoles,200000000,2.0,3.0,80.0,3.0,0,0,0,0,0,0,0,0,0,0,0,0,0,0,0,0,0,0,0,0,0,0,0,0,0,0,0,0,0,0,0,0
Casa en venta en Villa Estrella,Villa Estrella,230000000,2.0,3.0,48.0,2.0,0,0,0,0,0,1,0,1,0,0,0,0,0,0,0,0,0,0,0,0,0,0,0,0,0,0,0,0,0,0,0,0
Casa en venta en Los Alpes,Los Alpes,280000000,3.0,4.0,180.0,3.0,0,0,0,0,0,0,0,0,0,0,0,0,0,0,0,0,0,0,0,0,0,0,0,0,0,0,0,0,0,0,0,0
Casa en venta en Manga,Manga,800000000,4.0,4.0,208.0,5.0,0,0,0,0,0,0,0,0,0,0,0,0,0,0,0,0,0,0,0,0,0,0,0,0,0,0,0,0,0,0,0,0
Casa en venta en Los Caracoles,Los Caracoles,350000000,4.0,7.0,260.0,3.0,0,1,0,0,0,1,0,1,1,1,1,0,0,0,0,0,0,0,0,0,0,0,0,0,0,0,0,0,0,0,0,0
Casa en venta en El Bosque,El Bosque,340000000,2.0,3.0,156.0,4.0,0,0,0,0,0,0,0,0,0,0,0,0,0,0,0,0,0,0,0,0,0,0,0,0,0,0,0,0,0,0,0,0
Casa en venta en Torices,Torices,560000000,4.0,6.0,190.0,3.0,0,0,0,0,0,0,0,0,0,0,0,0,0,0,0,0,0,0,0,0,0,0,0,0,0,0,0,0,0,0,0,0
Casa en venta en Manga,Manga,1150000000,6.0,10.0,240.0,5.0,0,1,1,0,0,0,1,0,1,0,0,1,0,0,0,0,0,0,0,0,0,0,0,0,0,0,0,0,0,0,0,0
Casa en venta en Florida Blanca,Florida Blanca,250000000,2.0,3.0,180.0,4.0,0,0,0,0,0,0,0,0,0,0,0,0,0,0,0,0,0,0,0,0,0,0,0,0,0,0,0,0,0,0,0,0
Casa en venta en Pie de Popa,Pie de Popa,700000000,3.0,4.0,205.0,5.0,0,0,0,0,0,0,0,0,0,0,0,0,0,0,0,0,0,0,0,0,0,0,0,0,0,0,0,0,0,0,0,0
Casa en venta en Torices,Torices,370000000,2.0,3.0,300.0,3.0,0,0,0,0,0,0,0,0,0,0,0,0,0,0,0,0,0,0,0,0,0,0,0,0,0,0,0,0,0,0,0,0
Casa en venta en Escalón Villa,Escalón Villa,300000000,2.0,6.0,300.0,2.0,0,1,0,0,0,1,0,1,0,0,0,0,0,0,0,0,0,0,0,0,0,0,0,0,0,0,0,0,0,0,0,0
Casa en venta en San Pedro,San Pedro,250000000,2.0,4.0,184.0,3.0,0,0,0,0,0,0,0,0,0,0,0,0,0,0,0,0,0,0,0,0,0,0,0,0,0,0,0,0,0,0,0,0
Casa en venta en Manga,Manga,1600000000,3.0,3.0,280.0,6.0,1,1,1,1,0,0,0,1,0,0,1,0,0,1,0,0,0,1,0,0,0,0,1,0,0,0,0,0,0,0,0,0
Casa en venta en Crespo,Crespo,850000000,6.0,7.0,250.0,4.0,1,0,1,1,0,0,0,1,0,0,0,0,0,0,0,0,0,0,0,0,0,0,0,0,0,0,0,0,0,0,0,0
Casa en venta en Bocagrande,Bocagrande,1500000000,6.0,5.0,300.0,5.0,0,1,1,1,0,0,0,2,1,0,1,1,0,0,1,0,0,1,0,0,0,0,0,0,0,0,0,0,0,0,0,0
Casa en venta en La Carolina,La Carolina,350000000,4.0,4.0,95.0,3.0,1,1,0,1,1,0,0,1,1,1,0,0,0,1,0,0,0,0,0,0,0,0,0,0,0,0,0,0,0,0,0,0
Casa en venta en Villa Rubia,Villa Rubia,259000000,3.0,5.0,150.0,3.0,0,1,0,0,1,1,1,1,1,0,0,0,0,0,0,0,0,0,0,0,0,0,0,0,0,0,0,0,0,0,0,0
Casa en venta en Los Alpes,Los Alpes,280000000,3.0,4.0,216.0,3.0,0,0,0,0,0,0,0,0,0,0,0,0,0,0,0,0,0,0,0,0,0,0,0,0,0,0,0,0,0,0,0,0
Casa en venta en Urbanización Laureles,Urbanización Laureles,250000000,2.0,3.0,110.0,3.0,0,0,0,0,0,0,0,0,0,0,0,0,0,0,0,0,0,0,0,0,0,0,0,0,0,0,0,0,0,0,0,0
Casa en venta en Pie de Popa,Pie de Popa,1400000000,4.0,4.0,300.0,5.0,0,0,0,0,0,0,0,0,0,0,0,0,0,0,0,0,0,0,0,0,0,0,0,0,0,0,0,0,0,0,0,0
Casa en venta en El Bosque,El Bosque,700000000,3.0,7.0,220.0,3.0,0,1,0,0,0,0,0,1,1,0,0,0,0,0,0,0,0,0,0,0,0,0,0,0,0,0,0,0,0,0,0,0
Casa en venta en Urbanización Eliana,Urbanización Eliana,950000000,2.0,3.0,250.0,5.0,1,0,1,0,0,1,0,1,0,0,0,0,0,0,0,0,0,0,0,0,0,0,0,0,0,0,0,0,0,0,0,0
Casa en venta en El Recreo,El Recreo,370000000,4.0,4.0,145.0,4.0,0,0,0,0,0,0,0,0,0,0,0,0,0,0,0,0,0,0,0,0,0,0,0,0,0,0,0,0,0,0,0,0
Casa en venta en Villa Rubia,Villa Rubia,1030000000,8.0,10.0,409.0,4.0,1,1,1,1,0,0,1,1,1,0,0,0,0,0,0,0,0,0,0,0,0,0,0,0,0,0,0,0,0,0,0,0
Casa en venta en Santa Monica,Santa Monica,280000000,2.0,5.0,90.0,3.0,0,0,0,0,0,0,0,0,0,0,0,0,0,0,0,0,0,0,0,0,0,0,0,0,0,0,0,0,0,0,0,0
Casa en venta en Providencia,Providencia,550000000,4.0,4.0,320.0,4.0,1,0,1,1,1,0,1,1,0,0,1,0,1,0,1,0,0,1,0,0,0,0,0,1,0,0,0,0,0,0,0,1
Casa en venta en El Bosque,El Bosque,600000000,2.0,3.0,277.0,4.0,0,0,0,0,0,0,0,0,0,0,0,0,0,0,0,0,0,0,0,0,0,0,0,0,0,0,0,0,0,0,0,0
Casa en venta en San Fernando,San Fernando,370000000,2.0,4.0,320.0,3.0,0,0,0,0,0,0,0,0,0,0,0,0,0,0,0,0,0,0,0,0,0,0,0,0,0,0,0,0,0,0,0,0
Casa en venta en Crespo,Crespo,1200000000,5.0,4.0,240.0,5.0,1,1,1,1,1,0,0,1,1,1,1,0,0,1,0,0,0,0,0,0,0,0,0,0,0,0,0,0,0,0,0,0
Casa en venta en El Bosque,El Bosque,600000000,2.0,6.0,200.0,4.0,0,0,0,0,0,0,0,0,0,0,0,0,0,0,0,0,0,0,0,0,0,0,0,0,0,0,0,0,0,0,0,0
Casa en venta en Pie de Popa,Pie de Popa,700000000,5.0,5.0,300.0,5.0,0,0,0,0,0,0,0,0,0,0,0,0,0,0,0,0,0,0,0,0,0,0,0,0,0,0,0,0,0,0,0,0
Casa en venta en Crespo,Crespo,1100000000,3.0,4.0,544.0,5.0,0,0,1,0,0,1,0,1,0,0,0,0,0,0,0,0,0,0,0,0,0,0,0,0,0,0,0,0,0,0,0,0
Casa en venta en Escalón Villa,Escalón Villa,350000000,3.0,5.0,100.0,4.0,0,1,1,0,0,1,0,2,0,0,0,0,0,1,0,0,0,0,0,0,0,0,0,0,0,0,0,0,0,0,0,0
Casa en venta en Crespo,Crespo,1200000000,4.0,4.0,544.0,4.0,1,0,0,1,0,1,1,1,1,0,0,0,0,0,0,0,0,0,0,0,0,0,0,0,0,0,0,0,0,0,0,0
Casa en venta en San Pedro,San Pedro,960000000,3.0,3.0,560.0,3.0,0,0,0,0,0,0,0,0,0,0,0,0,0,0,0,0,0,0,0,0,0,0,0,0,0,0,0,0,0,0,0,0
Casa en venta en Los Corrales,Los Corrales,390000000,3.0,4.0,159.0,4.0,0,0,0,0,0,0,0,0,0,0,0,0,0,0,0,0,0,0,0,0,0,0,0,0,0,0,0,0,0,0,0,0
Casa en venta en Crespo,Crespo,400000000,2.0,3.0,122.0,5.0,0,1,1,0,0,1,0,1,1,0,0,0,0,0,0,0,0,0,0,0,0,0,0,0,0,0,0,0,0,0,0,0
Casa en venta en El Bosque,El Bosque,430000000,2.0,3.0,166.0,3.0,0,0,0,0,0,0,0,0,0,0,0,0,0,0,0,0,0,0,0,0,0,0,0,0,0,0,0,0,0,0,0,0
Casa en venta en España,España,400000000,4.0,7.0,254.0,3.0,0,0,0,0,0,0,0,0,0,0,0,0,0,0,0,0,0,0,0,0,0,0,0,0,0,0,0,0,0,0,0,0
Casa en venta en Pie de Popa,Pie de Popa,720000000,4.0,4.0,300.0,5.0,1,1,0,1,1,0,1,0,0,0,0,0,0,0,0,0,0,1,0,0,0,0,0,0,0,0,0,0,0,0,0,0
Casa en venta en El Socorro,El Socorro,320000000,2.0,4.0,72.0,3.0,1,0,1,0,1,1,1,1,0,0,1,1,0,0,0,0,0,0,0,0,0,0,0,0,0,0,0,0,0,0,0,0
Casa en venta en La Concepción,La Concepción,500000000,2.0,3.0,121.0,4.0,1,1,1,1,1,0,1,1,0,0,1,0,0,1,0,0,0,0,1,1,0,0,0,0,1,0,0,0,0,0,0,0
Casa en venta en Manga,Manga,700000000,3.0,3.0,250.0,5.0,1,1,0,1,0,1,0,1,0,0,0,0,0,0,0,0,0,0,1,1,0,0,0,1,1,0,0,0,0,0,1,0
Casa en venta en Manga,Manga,600000000,3.0,3.0,157.0,5.0,0,0,0,0,0,0,0,0,0,0,0,0,0,0,0,0,0,0,0,0,0,0,0,0,0,0,0,0,0,0,0,0
Casa en venta en Pie de Popa,Pie de Popa,1300000000,2.0,6.0,297.0,3.0,1,0,0,1,0,1,0,1,1,1,0,0,0,0,0,0,0,0,0,0,0,0,0,0,0,0,0,0,0,0,0,0
Casa en venta en Blas de Lezo,Blas de Lezo,370000000,2.0,6.0,145.0,3.0,0,0,0,0,0,0,0,0,0,0,0,0,0,0,0,0,0,0,0,0,0,0,0,0,0,0,0,0,0,0,0,0
Casa en venta en Manga,Manga,800000000,3.0,3.0,285.0,5.0,0,0,0,0,0,0,0,0,0,0,0,0,0,0,0,0,0,0,0,0,0,0,0,0,0,0,0,0,0,0,0,0
Casa en venta en Gaviotas,Gaviotas,380000000,5.0,6.0,126.0,3.0,0,0,0,0,0,0,0,0,0,0,0,0,0,0,0,0,0,0,0,0,0,0,0,0,0,0,0,0,0,0,0,0
Casa en venta en Alameda La Victoria,Alameda La Victoria,550000000,3.0,4.0,140.0,4.0,0,0,0,0,0,0,0,0,0,0,0,0,0,0,0,0,0,0,0,0,0,0,0,0,0,0,0,0,0,0,0,0
Casa en venta en Manga,Manga,850000000,2.0,5.0,230.0,5.0,0,0,0,0,0,0,0,0,0,0,0,0,0,0,0,0,0,0,0,0,0,0,0,0,0,0,0,0,0,0,0,0
Casa en venta en San Pedro,San Pedro,250000000,2.0,4.0,90.0,3.0,0,0,0,0,0,0,0,0,0,0,0,0,0,0,0,0,0,0,0,0,0,0,0,0,0,0,0,0,0,0,0,0
Casa en venta en Gaviotas,Gaviotas,410000000,2.0,3.0,150.0,4.0,1,0,1,0,0,0,0,1,0,0,0,1,0,0,1,0,0,0,0,0,0,0,0,0,0,0,0,0,0,0,0,0
Casa en venta en Castillo Grande,Castillo Grande,1650000000,3.0,3.0,340.0,6.0,0,0,0,0,0,0,0,0,0,0,0,0,0,0,0,0,0,0,0,0,0,0,0,0,0,0,0,0,0,0,0,0
Casa en venta en San Pedro,San Pedro,1020000000,2.0,3.0,174.0,5.0,1,1,1,0,0,0,0,2,0,0,0,0,0,0,0,0,0,0,0,0,0,0,0,0,0,0,0,0,0,0,0,0
Casa en venta en Campestre,Campestre,300000000,2.0,3.0,147.0,3.0,0,1,1,0,0,1,0,2,0,0,0,0,0,0,0,0,0,0,0,0,0,0,0,0,0,0,0,0,0,0,0,0
Casa en venta en San Pedro,San Pedro,780000000,2.0,2.0,166.0,6.0,1,0,1,1,0,0,0,0,0,0,0,1,1,0,0,0,0,0,0,0,0,0,0,0,0,0,0,0,0,0,0,0
Casa en venta en Nariño,Nariño,800000000,3.0,5.0,200.0,4.0,1,1,0,0,1,1,0,1,0,0,0,0,0,0,0,0,0,0,0,0,0,0,0,0,0,0,0,0,0,0,0,0
Casa en venta en El Recreo,El Recreo,405000000,3.0,3.0,140.0,4.0,1,0,1,0,1,1,0,1,0,0,0,0,0,0,1,0,0,0,0,0,0,0,0,0,0,0,0,0,0,0,0,0
Casa en venta en La Concepción,La Concepción,650000000,2.0,4.0,198.0,4.0,1,0,0,1,0,0,1,0,0,1,0,0,0,0,0,0,0,0,0,0,0,0,0,0,0,0,0,0,0,0,0,0
Casa en venta en Providencia,Providencia,325000000,4.0,4.0,130.0,3.0,1,0,0,0,1,0,1,0,0,1,1,0,0,0,0,0,0,0,0,0,0,0,0,0,0,0,0,0,0,0,0,0
Casa en venta en La Concepción,La Concepción,1600000000,4.0,6.0,290.0,4.0,1,0,1,1,0,1,0,0,0,0,0,0,0,0,0,0,0,0,1,1,0,0,0,1,1,0,0,0,0,1,0,0
Casa en venta en El Recreo,El Recreo,405000000,3.0,3.0,120.0,4.0,1,0,0,0,0,1,1,0,0,1,0,0,0,0,0,0,0,0,0,0,0,0,0,0,0,0,0,0,0,0,0,0
Casa en venta en Crespo,Crespo,1300000000,7.0,7.0,240.0,4.0,1,0,0,0,0,0,1,0,1,1,1,1,0,0,0,0,0,0,0,0,0,0,0,0,0,0,0,0,0,0,0,0
Casa en venta en El Recreo,El Recreo,350000000,3.0,3.0,131.0,4.0,1,0,0,0,0,0,0,0,0,0,0,0,1,0,1,0,0,0,0,0,0,0,0,0,0,0,0,0,0,0,0,0
Casa en venta en Pie del Cerro,Pie del Cerro,700000000,4.0,3.0,125.0,3.0,1,0,0,1,1,1,1,2,1,1,1,1,0,1,1,0,0,0,0,0,1,1,0,0,0,0,0,0,0,0,0,0
Casa en venta en Pie de Popa,Pie de Popa,650000000,2.0,3.0,134.0,5.0,1,0,0,1,0,1,0,1,0,0,0,0,0,0,0,0,0,0,0,0,0,0,0,0,0,0,0,0,0,0,0,0
Casa en venta en Castillo Grande,Castillo Grande,1600000000,3.0,4.0,240.0,6.0,1,1,0,1,0,1,0,2,1,0,0,1,0,0,0,0,0,0,0,0,0,0,0,0,0,0,0,0,0,0,0,0
Casa en venta en San Antonio,San Antonio,600000000,2.0,8.0,300.0,4.0,0,0,0,0,0,0,0,0,0,0,0,0,0,0,0,0,0,0,0,0,0,0,0,0,0,0,0,0,0,0,0,0
Casa en venta en San Buenaventura,San Buenaventura,410000000,4.0,5.0,160.0,4.0,1,1,1,0,1,0,1,0,1,0,0,0,1,1,1,0,0,0,0,0,0,0,0,0,0,0,0,0,0,0,0,0
Casa en venta en Escalón Villa,Escalón Villa,225918392,4.0,6.0,279.0,3.0,0,0,0,0,0,0,0,0,0,0,0,0,0,0,0,0,0,0,0,0,0,0,0,0,0,0,0,0,0,0,0,0
Casa en venta en Calamares,Calamares,170000000,2.0,3.0,120.0,3.0,0,1,0,0,1,1,0,0,0,1,0,0,0,0,0,0,0,0,1,1,0,0,0,0,0,0,0,0,0,1,0,0
Casa en venta en Pie de Popa,Pie de Popa,1300000000,4.0,4.0,300.0,5.0,0,1,1,0,0,1,0,1,1,0,0,0,0,0,0,0,0,0,0,0,0,0,0,0,0,0,0,0,0,0,0,0
Casa en venta en El Cairo,El Cairo,420000000,4.0,4.0,318.0,3.0,0,0,0,0,0,0,0,0,0,0,0,0,0,0,0,0,0,0,0,0,0,0,0,0,0,0,0,0,0,0,0,0
Casa en venta en Zaragocilla,Zaragocilla,350000000,2.0,4.0,198.0,3.0,0,0,0,0,0,0,0,0,0,0,0,0,0,0,0,0,0,0,0,0,0,0,0,0,0,0,0,0,0,0,0,0
Casa en venta en Pie de Popa,Pie de Popa,650000000,4.0,3.0,175.0,6.0,1,1,1,1,1,1,1,0,0,0,1,0,0,0,1,0,0,0,0,0,0,0,0,0,0,0,0,0,0,0,0,0
Casa en venta en El Campestre,El Campestre,280000000,2.0,3.0,120.0,3.0,0,0,0,0,0,0,0,0,0,0,0,0,0,0,0,0,0,0,0,0,0,0,0,0,0,0,0,0,0,0,0,0
Casa en venta en Manga,Manga,600000000,2.0,4.0,180.0,5.0,0,0,0,0,0,0,0,0,0,0,0,0,0,0,0,0,0,0,0,0,0,0,0,0,0,0,0,0,0,0,0,0
Casa en venta en Pie de Popa,Pie de Popa,700000000,4.0,4.0,300.0,5.0,0,0,0,0,0,0,0,0,0,0,0,0,0,0,0,0,0,0,0,0,0,0,0,0,0,0,0,0,0,0,0,0
Casa en venta en La Castellana,La Castellana,550000000,3.0,4.0,180.0,3.0,0,0,0,0,0,0,0,0,0,0,0,0,0,0,0,0,0,0,0,0,0,0,0,0,0,0,0,0,0,0,0,0
Casa en venta en Alameda La Victoria,Alameda La Victoria,600000000,5.0,5.0,374.0,4.0,0,0,0,0,0,0,0,0,0,0,0,0,0,0,0,0,0,0,0,0,0,0,0,0,0,0,0,0,0,0,0,0
Casa en venta en Santa Rita,Santa Rita,430000000,2.0,3.0,142.0,3.0,1,0,0,0,0,0,0,1,0,0,0,0,0,0,0,0,0,0,0,0,0,0,0,0,0,0,0,0,0,0,0,0
Casa en venta en Centro,Centro,990000000,2.0,3.0,104.0,5.0,0,0,0,0,0,1,0,1,0,1,1,0,0,0,0,0,0,0,0,0,1,0,1,0,0,0,0,0,0,0,0,0
Casa en venta en Alameda a Vistoria,Alameda a Vistoria,290000000,2.0,3.0,122.0,4.0,1,1,0,0,1,0,1,1,1,0,0,0,0,0,0,0,0,0,0,0,0,0,0,0,0,0,0,0,0,0,0,0
Casa en venta en Almirante Colon,Almirante Colon,300000000,3.0,4.0,100.0,3.0,0,0,0,0,1,0,0,1,0,0,0,0,0,0,0,0,0,0,0,0,0,0,0,0,0,0,0,0,0,0,0,0
Casa en venta en Manga,Manga,790000000,4.0,4.0,184.0,5.0,1,1,1,1,1,0,1,0,1,0,1,0,0,0,0,0,0,0,0,0,0,0,0,0,0,0,0,0,0,0,0,0
Casa en venta en El Recreo,El Recreo,400000000,5.0,5.0,250.0,4.0,1,0,1,1,0,0,1,0,0,0,1,0,1,0,0,0,0,0,0,0,0,0,0,0,0,0,0,0,0,0,0,0
Casa en venta en Los Alpes,Los Alpes,330000000,2.0,4.0,286.0,2.0,1,0,0,1,0,0,0,0,1,1,0,1,0,0,1,0,0,0,0,0,0,0,0,0,0,0,0,0,0,0,0,0
Casa en venta en Los Alpes,Los Alpes,450000000,2.0,5.0,381.0,3.0,0,0,0,0,0,0,0,0,0,0,0,0,0,0,0,0,0,0,0,0,0,0,0,0,0,0,0,0,0,0,0,0
Casa en venta en El Recreo,El Recreo,950000000,3.0,4.0,360.0,4.0,1,1,1,0,1,1,1,1,1,0,0,0,0,0,0,0,0,0,0,0,0,0,0,0,0,0,0,0,0,0,0,0
Casa en venta en Manga,Manga,720000000,5.0,3.0,160.0,5.0,0,1,0,1,0,1,0,1,0,1,0,0,0,1,0,0,0,0,0,0,0,0,0,0,0,0,0,0,0,0,0,0
Casa en venta en San Pedro,San Pedro,260000000,2.0,4.0,100.0,3.0,0,0,0,0,1,1,0,1,0,0,0,0,0,0,0,0,0,0,0,0,0,0,0,0,0,0,0,0,0,0,0,0
Casa en venta en Manga,Manga,850000000,7.0,6.0,315.0,5.0,1,1,1,0,1,0,0,1,0,0,0,0,0,0,0,0,0,0,0,0,0,0,0,0,0,0,0,0,0,0,0,0
Casa en venta en San Fernando,San Fernando,395000000,2.0,3.0,79.0,3.0,1,0,0,0,0,1,1,1,0,0,0,0,0,0,0,0,0,0,0,0,0,0,0,0,0,0,0,0,0,0,0,0
Casa en venta en San Pedro,San Pedro,630000000,2.0,3.0,160.0,5.0,1,1,1,1,1,0,0,0,1,1,1,1,0,1,1,1,0,0,0,0,0,1,0,0,0,0,0,0,1,0,0,0
Casa en venta en Blas de Lezo,Blas de Lezo,380000000,4.0,8.0,360.0,3.0,1,0,1,1,1,1,0,1,0,0,0,0,0,0,0,0,0,0,0,0,0,0,0,0,0,0,0,0,0,0,0,0
Casa en venta en El Recreo,El Recreo,380000000,2.0,3.0,120.0,4.0,0,0,0,0,0,0,0,0,0,0,0,0,0,0,0,0,0,0,0,0,0,0,0,0,0,0,0,0,0,0,0,0
Casa en venta en Manga,Manga,620000000,5.0,3.0,220.0,4.0,1,1,0,0,0,1,1,1,0,0,0,0,0,1,0,0,0,0,0,0,0,0,0,0,0,0,0,0,0,0,0,0
Casa en venta en Crespo,Crespo,1100000000,3.0,5.0,324.0,5.0,1,0,1,0,0,1,0,1,0,0,0,0,0,0,0,0,0,0,0,0,0,0,0,0,0,0,0,0,0,0,0,0
Casa en venta en Santa Rita,Santa Rita,850000000,5.0,7.0,340.0,4.0,0,0,1,0,0,0,1,1,1,0,0,0,0,0,0,0,0,0,0,0,0,0,0,0,0,0,0,0,0,0,0,0
Casa en venta en Ternera,Ternera,220000000,3.0,4.0,140.0,4.0,0,0,0,0,0,0,0,0,0,0,0,0,0,0,0,0,0,0,0,0,0,0,0,0,0,0,0,0,0,0,0,0
Casa en venta en El Recreo,El Recreo,295000000,3.0,3.0,130.0,4.0,1,0,1,0,1,0,1,2,0,0,1,0,0,0,1,0,0,0,0,0,0,0,0,0,0,0,0,0,0,0,0,0
Casa en venta en El Bosque,El Bosque,850000000,3.0,4.0,258.0,3.0,0,0,0,0,0,0,0,0,0,0,0,0,0,0,0,0,0,0,0,0,0,0,0,0,0,0,0,0,0,0,0,0
Casa en venta en Manga,Manga,1650000000,9.0,7.0,296.0,5.0,0,0,0,0,0,0,0,0,0,0,0,0,0,0,0,0,0,0,0,0,0,0,0,0,0,0,0,0,0,0,0,0
Casa en venta en Crespo,Crespo,920000000,4.0,4.0,375.0,5.0,1,1,1,1,0,1,0,1,0,0,1,0,0,1,0,0,0,0,1,1,0,0,0,1,1,1,0,0,0,1,0,0
Casa en venta en Providencia,Providencia,300000000,2.0,3.0,83.0,3.0,0,0,0,0,0,0,0,0,0,0,0,0,0,0,0,0,0,0,0,0,0,0,0,0,0,0,0,0,0,0,0,0
Casa en venta en Pie de Popa,Pie de Popa,680000000,4.0,4.0,171.0,4.0,0,0,0,0,0,0,0,0,0,0,0,0,0,0,0,0,0,0,0,0,0,0,0,0,0,0,0,0,0,0,0,0
Casa en venta en Manga,Manga,730000000,5.0,3.0,285.0,5.0,0,0,0,0,0,0,0,0,0,0,0,0,0,0,0,0,0,0,0,0,0,0,0,0,0,0,0,0,0,0,0,0
Casa en venta en Providencia,Providencia,450000000,3.0,3.0,150.0,2.0,0,0,0,0,1,1,0,0,0,1,0,1,0,0,0,0,0,0,0,0,0,0,0,0,0,0,0,0,0,0,0,0
Casa en venta en Crespo,Crespo,700000000,2.0,3.0,170.0,5.0,1,1,1,0,1,0,1,1,0,0,0,0,1,0,0,0,0,0,0,0,0,0,0,0,0,0,0,0,0,0,0,0
Casa en venta en El Bosque,El Bosque,690000000,3.0,4.0,137.0,4.0,0,0,0,0,0,0,0,0,0,0,0,0,0,0,0,0,0,0,0,0,0,0,0,0,0,0,0,0,0,0,0,0
Casa en venta en El Campestre,El Campestre,250000000,3.0,3.0,154.0,3.0,0,0,1,0,0,0,0,1,0,0,0,0,0,0,1,0,0,0,0,0,0,0,0,0,0,0,0,0,0,0,0,0
Casa en venta en Ternera,Ternera,330000000,3.0,3.0,120.0,4.0,1,1,0,0,1,0,1,1,1,1,0,0,1,0,0,0,0,0,0,0,0,0,0,0,0,0,0,0,0,0,0,0
Casa en venta en San Pedro,San Pedro,900000000,5.0,7.0,215.0,5.0,0,1,0,1,1,0,0,2,0,0,0,0,0,0,0,0,0,0,0,0,0,0,0,0,0,0,0,0,0,0,0,0
Casa en venta en Urbanización Simón Bolívar,Urbanización Simón Bolívar,240000000,2.0,2.0,105.0,3.0,0,1,1,0,0,1,0,0,0,1,0,0,0,0,0,0,0,0,1,1,0,0,0,1,0,0,0,0,0,0,1,0
Casa en venta en El Country,El Country,350000000,3.0,3.0,145.0,3.0,1,1,1,0,1,0,0,1,0,1,0,0,0,0,0,0,0,0,1,1,0,0,0,0,1,0,1,1,0,0,0,0
Casa en venta en El Socorro,El Socorro,300000000,3.0,4.0,200.0,3.0,0,0,0,0,0,0,0,0,0,0,0,0,0,0,0,0,0,0,0,0,0,0,0,0,0,0,0,0,0,0,0,0
Casa en venta en Manga,Manga,680000000,3.0,3.0,137.0,5.0,1,0,1,1,1,0,0,1,0,0,0,0,0,0,0,0,0,0,0,0,0,0,0,1,0,0,0,0,0,0,1,0
Casa en venta en El Country,El Country,490000000,3.0,4.0,200.0,3.0,1,0,1,0,1,0,0,1,0,0,1,1,0,0,1,0,0,0,0,0,0,0,0,0,0,0,0,0,0,0,0,0
Casa en venta en Santa Lucía,Santa Lucía,750000000,2.0,3.0,200.0,4.0,0,0,0,0,0,0,0,0,0,0,0,0,0,0,0,0,0,0,0,0,0,0,0,0,0,0,0,0,0,0,0,0
Casa en venta en Pie de Popa,Pie de Popa,850000000,2.0,4.0,170.0,4.0,0,1,0,1,0,0,0,1,1,1,0,0,0,0,0,0,0,0,0,0,0,0,0,0,0,0,0,0,0,0,0,0
Casa en venta en Santa Monica,Santa Monica,205000000,2.0,3.0,119.0,3.0,0,0,0,0,0,0,0,0,0,0,0,0,0,0,0,0,0,0,0,0,0,0,0,0,0,0,0,0,0,0,0,0
Casa en venta en Pie de Popa,Pie de Popa,450000000,4.0,4.0,150.0,4.0,1,0,0,1,0,1,0,1,0,0,0,0,0,0,0,0,0,0,0,0,0,0,0,0,0,0,0,0,0,0,0,0
Casa en venta en Ternera,Ternera,320000000,2.0,4.0,128.0,4.0,1,0,1,0,0,0,1,0,1,0,0,0,1,0,1,0,0,0,0,0,0,0,0,0,0,0,0,0,0,0,0,0
Casa en venta en Alameda a Vistoria,Alameda a Vistoria,550000000,4.0,7.0,260.0,4.0,0,0,0,0,0,0,0,0,0,0,0,0,0,0,0,0,0,0,0,0,0,0,0,0,0,0,0,0,0,0,0,0
Casa en venta en Manga,Manga,798000000,2.0,3.0,220.0,5.0,0,1,0,0,0,1,0,1,0,0,0,0,0,0,0,0,0,0,0,0,0,0,0,0,0,0,0,0,0,0,0,0
Casa en venta en Canapote,Canapote,420000000,2.0,6.0,206.0,3.0,0,0,0,0,0,0,0,0,0,0,0,0,0,0,0,0,0,0,0,0,0,0,0,0,0,0,0,0,0,0,0,0
Casa en venta en El Recreo,El Recreo,370000000,2.0,3.0,130.0,4.0,1,1,1,0,1,1,1,0,0,0,0,0,1,0,1,0,0,1,1,1,0,1,0,0,0,0,0,0,0,1,0,0
Casa en venta en Nuevo Bosque,Nuevo Bosque,299000000,2.0,6.0,147.0,3.0,1,0,1,0,0,0,1,2,0,0,1,0,0,1,0,0,0,0,0,0,0,0,0,0,0,0,0,0,0,0,0,0
Casa en venta en San Pedro,San Pedro,230000000,2.0,3.0,68.0,2.0,0,1,1,0,0,1,0,2,1,0,0,1,0,0,1,0,0,0,0,0,0,0,0,0,0,0,0,0,0,0,0,0
Casa en venta en El Laguito,El Laguito,1180000000,3.0,4.0,202.0,6.0,1,1,1,0,1,0,0,0,1,0,1,1,1,0,0,0,0,0,0,0,0,0,0,0,0,0,0,0,0,0,0,0
Casa en venta en La Concepción,La Concepción,380000000,2.0,4.0,87.0,4.0,0,0,0,0,0,0,0,0,0,0,0,0,0,0,0,0,0,0,0,0,0,0,0,0,0,0,0,0,0,0,0,0
Casa en venta en Pie de Popa,Pie de Popa,750000000,4.0,4.0,300.0,5.0,1,0,0,1,1,0,1,0,0,0,0,0,0,0,0,0,0,0,0,0,0,0,0,0,0,0,0,0,0,0,0,0
Casa en venta en Urbanización Buenos Aires,Urbanización Buenos Aires,510000000,3.0,3.0,167.0,4.0,1,0,1,1,0,0,1,0,1,1,1,0,0,0,0,0,0,0,0,0,0,0,0,0,0,0,0,0,0,0,0,0
Casa en venta en El Campestre,El Campestre,280000000,3.0,3.0,140.0,3.0,1,1,1,0,0,1,0,2,1,1,0,0,0,0,1,0,0,0,0,0,0,0,0,0,0,0,0,0,0,0,0,0
Casa en venta en Manga,Manga,980000000,4.0,3.0,240.0,5.0,0,0,0,0,0,0,0,0,0,0,0,0,0,0,0,0,0,0,0,0,0,0,0,0,0,0,0,0,0,0,0,0
Casa en venta en Manga,Manga,1400000000,3.0,5.0,171.0,6.0,0,0,0,0,0,0,0,0,0,0,0,0,0,0,0,0,0,0,0,0,0,0,0,0,0,0,0,0,0,0,0,0
Casa en venta en Manga,Manga,800000000,4.0,4.0,172.0,4.0,1,0,1,0,0,1,0,2,1,0,1,1,0,0,1,0,0,0,0,0,0,1,0,0,0,0,0,0,0,0,0,0
Casa en venta en Los Jardines,Los Jardines,400000000,2.0,3.0,90.0,4.0,1,1,1,1,1,1,1,1,0,1,0,1,0,1,0,0,0,0,1,1,0,0,0,1,1,0,0,0,0,0,0,0
Casa en venta en Chapacua,Chapacua,180000000,3.0,3.0,91.0,5.0,0,0,0,0,1,1,0,1,0,0,0,0,0,0,0,0,0,0,0,0,0,0,0,0,0,0,0,0,0,0,0,0
Casa en venta en El Refugio,El Refugio,1300000000,2.0,4.0,600.0,3.0,1,1,0,1,0,1,0,1,0,0,0,0,0,1,0,0,0,0,0,0,0,0,0,0,0,0,0,0,0,0,0,0
Casa en venta en El Campestre,El Campestre,220000000,2.0,3.0,98.0,2.0,0,0,1,0,0,1,0,1,0,0,0,0,0,0,0,0,0,0,0,0,0,0,0,0,0,0,0,0,0,0,0,0
Casa en venta en Beirut 1,Beirut 1,310000000,3.0,5.0,143.0,3.0,0,1,1,1,0,0,1,1,0,0,0,0,0,0,0,0,0,0,0,0,0,0,0,0,0,0,0,0,0,0,0,0
Casa en venta en Pie de Popa,Pie de Popa,700000000,4.0,4.0,300.0,5.0,1,1,1,1,1,0,1,0,1,0,0,1,0,1,1,0,0,1,0,0,0,0,0,0,0,0,0,0,0,0,0,0
Casa en venta en La Castellana,La Castellana,300000000,2.0,3.0,125.0,4.0,0,0,0,0,0,0,0,0,0,0,0,0,0,0,0,0,0,0,0,0,0,0,0,0,0,0,0,0,0,0,0,0
Casa en venta en La Floresta,La Floresta,400000000,2.0,3.0,150.0,4.0,0,0,0,0,0,0,0,0,0,0,0,0,0,0,0,0,0,0,0,0,0,0,0,0,0,0,0,0,0,0,0,0
Casa en venta en Manga,Manga,1500000000,3.0,3.0,258.0,5.0,1,1,0,0,0,1,0,1,0,0,0,0,0,0,0,0,0,0,0,0,0,0,0,0,0,0,0,0,0,0,0,0
Casa en venta en Urbanización Country,Urbanización Country,450000000,3.0,3.0,236.0,3.0,1,1,1,1,1,0,0,1,1,1,0,0,0,0,0,0,0,1,0,0,0,0,0,0,0,0,0,0,0,0,0,0
Casa en venta en El Country,El Country,500000000,4.0,4.0,72.0,3.0,0,0,0,0,0,0,0,0,0,0,0,0,0,0,0,0,0,0,0,0,0,0,0,0,0,0,0,0,0,0,0,0
Casa en venta en Blas de Lezo,Blas de Lezo,437000000,4.0,4.0,140.0,3.0,1,0,1,0,0,0,0,1,0,0,1,0,0,0,1,0,0,0,0,0,0,0,0,0,0,0,0,0,0,0,0,0
Casa en venta en La Concepción,La Concepción,1500000000,3.0,4.0,338.0,4.0,0,0,0,0,0,0,0,0,0,0,0,0,0,0,0,0,0,0,0,0,0,0,0,0,0,0,0,0,0,0,0,0
Casa en venta en El Recreo,El Recreo,897000000,5.0,5.0,231.0,5.0,1,0,0,1,0,1,1,1,1,0,0,0,0,1,0,0,0,0,0,0,0,0,0,0,0,0,0,0,0,0,0,0
Casa en venta en Crespo,Crespo,1000000000,3.0,3.0,268.0,5.0,1,0,0,1,0,0,0,0,0,0,0,0,0,0,0,0,0,0,0,0,0,0,0,0,0,0,0,0,0,0,1,0
Casa en venta en El Recreo,El Recreo,1050000000,7.0,5.0,490.0,4.0,1,0,1,1,1,1,1,2,1,1,1,0,0,1,0,0,0,0,0,0,0,0,0,0,0,0,0,0,0,0,0,0
Casa en venta en Gaviotas,Gaviotas,500000000,4.0,4.0,150.0,4.0,0,0,0,1,0,1,0,1,0,1,0,0,0,0,1,0,0,0,0,0,0,0,0,0,0,0,0,0,0,0,0,0
Casa en venta en Urbanizacion Barlovento,Urbanizacion Barlovento,270000000,2.0,3.0,135.0,4.0,0,0,0,0,0,0,0,0,0,0,0,0,0,0,0,0,0,0,0,0,0,0,0,0,0,0,0,0,0,0,0,0
Casa en venta en Manga,Manga,600000000,3.0,3.0,157.0,5.0,1,1,1,0,1,0,1,0,0,0,0,0,0,0,1,0,0,0,0,0,0,0,0,0,0,0,0,0,0,0,0,0
Casa en venta en San Pedro,San Pedro,470000000,5.0,5.0,340.0,3.0,0,0,0,0,0,0,0,0,0,0,0,0,0,0,0,0,0,0,0,0,0,0,0,0,0,0,0,0,0,0,0,0
Casa en venta en San Fernando,San Fernando,280000000,2.0,4.0,281.0,3.0,0,0,0,0,0,1,0,1,0,0,0,0,0,0,0,0,0,0,0,0,0,0,0,0,0,0,0,0,0,0,0,0
Casa en venta en Manga,Manga,950000000,5.0,7.0,250.0,5.0,0,0,0,0,0,0,0,0,0,0,0,0,0,0,0,0,0,0,0,0,0,0,0,0,0,0,0,0,0,0,0,0
Casa en venta en Urbanización Los Ejecutivos I Etapa,Urbanización Los Ejecutivos I Etapa,270000000,2.0,4.0,140.0,3.0,0,0,0,0,0,0,0,0,0,0,0,0,0,0,0,0,0,0,0,0,0,0,0,0,0,0,0,0,0,0,0,0
Casa en venta en El Recreo,El Recreo,330000000,3.0,3.0,120.0,4.0,1,1,1,0,1,0,1,0,1,1,0,0,0,1,1,0,0,0,0,0,0,0,0,0,0,0,0,0,0,0,0,0
Casa en venta en Alameda a Vistoria,Alameda a Vistoria,950000000,4.0,4.0,360.0,4.0,1,0,1,1,1,1,0,2,0,0,1,0,0,1,1,0,0,1,0,0,0,1,0,0,0,0,0,0,0,0,0,0
Casa en venta en El Campestre,El Campestre,300000000,2.0,4.0,110.0,3.0,0,1,1,0,1,0,0,1,0,0,0,0,0,0,0,0,0,0,0,0,0,0,0,0,0,0,0,0,0,0,0,0
Casa en venta en San Pedro,San Pedro,530000000,3.0,3.0,94.0,6.0,1,1,1,0,1,0,1,0,0,0,1,1,1,0,0,0,0,0,0,0,0,0,0,0,0,0,0,0,0,0,0,0
Casa en venta en El Campestre,El Campestre,270000000,2.0,3.0,180.0,3.0,1,1,1,0,1,1,1,0,1,1,0,0,0,0,0,0,0,0,0,0,0,0,0,0,0,0,0,0,0,0,0,0
Casa en venta en Crespo,Crespo,900000000,4.0,3.0,100.0,5.0,1,1,1,0,0,0,0,1,1,0,0,0,0,1,0,0,0,0,0,0,0,0,0,0,0,0,0,0,0,0,0,0
Casa en venta en Manga,Manga,1000000000,3.0,3.0,222.0,6.0,1,0,1,0,1,1,0,1,0,0,0,1,0,0,0,0,0,0,0,0,0,0,0,0,0,0,0,0,0,0,0,0
Casa en venta en El Bosque,El Bosque,200000000,2.0,5.0,150.0,4.0,0,0,0,0,0,0,0,0,0,0,0,0,0,0,0,0,0,0,0,0,0,0,0,0,0,0,0,0,0,0,0,0
Casa en venta en Zaragocilla,Zaragocilla,380000000,2.0,5.0,284.0,2.0,0,0,0,1,0,0,0,1,0,1,0,1,0,0,1,0,0,0,0,0,0,0,0,0,0,0,0,0,0,0,0,0
Casa en venta en El Carmelo,El Carmelo,1200000000,2.0,3.0,340.0,2.0,0,0,0,0,0,1,0,1,0,0,0,0,0,0,0,0,0,0,0,0,0,0,0,0,0,0,0,0,0,0,0,0
Casa en venta en La Campiña,La Campiña,183077400,3.0,4.0,107.0,2.0,0,0,0,0,0,0,0,0,0,0,0,0,0,0,0,0,0,0,0,0,0,0,0,0,0,0,0,0,0,0,0,0
Casa en venta en Pie de Popa,Pie de Popa,1500000000,4.0,6.0,200.0,5.0,1,0,1,0,0,0,1,0,0,0,0,0,0,0,0,0,0,0,0,0,0,0,0,0,0,0,0,0,0,0,0,0
Casa en venta en Santa Clara,Santa Clara,189000000,2.0,5.0,130.0,3.0,0,0,1,0,0,0,1,2,0,0,0,0,0,0,1,0,0,0,0,0,0,0,0,0,0,0,0,0,0,0,0,0
Casa en venta en El Campestre,El Campestre,1000000000,7.0,6.0,728.0,3.0,1,1,0,0,1,0,1,1,0,0,1,1,1,0,1,0,0,0,0,0,0,0,0,0,0,0,0,0,0,0,0,0
Casa en venta en El Recreo,El Recreo,450000000,3.0,4.0,288.0,4.0,0,0,0,0,0,0,0,0,0,0,0,0,0,0,0,0,0,0,0,0,0,0,0,0,0,0,0,0,0,0,0,0
Casa en venta en El Country,El Country,450000000,3.0,4.0,115.0,3.0,1,0,1,0,1,1,1,2,0,0,0,0,0,0,1,0,0,0,0,0,0,0,0,0,0,0,0,0,0,0,0,0
Casa en venta en Alameda a Vistoria,Alameda a Vistoria,330000000,3.0,3.0,130.0,4.0,1,0,1,0,0,1,1,1,0,0,0,0,0,0,1,0,0,0,0,0,0,0,0,0,0,0,0,0,0,0,0,0
Casa en venta en Manga,Manga,950000000,3.0,3.0,315.0,4.0,0,0,0,0,0,0,0,0,0,0,0,0,0,0,0,0,0,0,0,0,0,0,0,0,0,0,0,0,0,0,0,0
Casa en venta en El Socorro,El Socorro,250000000,2.0,5.0,40.0,3.0,0,0,0,0,1,1,0,1,0,0,0,0,0,0,0,0,0,0,0,0,0,0,0,0,0,0,0,0,0,0,0,0
Casa en venta en Camaguey,Camaguey,320000000,2.0,5.0,207.0,3.0,0,1,0,0,1,0,0,1,0,0,0,0,0,0,0,0,0,0,0,0,0,0,0,0,0,0,0,0,0,0,0,0
Casa en venta en Manga,Manga,1100000000,5.0,3.0,298.0,5.0,1,0,1,1,0,1,0,2,0,0,0,0,0,0,0,0,0,0,0,0,0,0,0,0,0,0,0,0,0,0,0,0
Casa en venta en El Bosque,El Bosque,1000000000,2.0,3.0,121.0,4.0,1,1,0,0,0,0,0,1,0,0,0,0,0,0,0,0,0,0,0,0,0,0,0,0,0,0,0,0,0,0,0,0
Casa en venta en Crespo,Crespo,1600000000,6.0,9.0,468.0,5.0,1,0,1,0,0,0,0,1,0,0,0,0,0,0,0,0,0,0,0,0,0,0,0,0,0,0,0,0,0,0,0,0
Casa en venta en El Campestre,El Campestre,240000000,2.0,3.0,110.0,2.0,0,0,0,0,0,0,0,0,0,0,0,0,0,0,0,0,0,0,0,0,0,0,0,0,0,0,0,0,0,0,0,0
Casa en venta en San Pedro,San Pedro,800000000,3.0,3.0,179.0,6.0,1,0,0,1,1,0,0,0,0,0,0,0,1,1,0,0,0,0,0,0,0,0,0,0,0,0,0,0,0,0,0,0
Casa en venta en Crespo,Crespo,850000000,2.0,3.0,270.0,5.0,0,0,0,0,0,0,0,0,0,0,0,0,0,0,0,0,0,0,0,0,0,0,0,0,0,0,0,0,0,0,0,0
Casa en venta en Manga,Manga,1300000000,3.0,4.0,399.0,5.0,1,0,0,1,0,0,0,1,0,0,1,0,0,0,0,0,0,0,0,0,0,0,0,0,0,0,0,0,0,0,0,0
Casa en venta en El Recreo,El Recreo,395000000,4.0,3.0,162.0,4.0,1,1,1,1,1,1,1,1,0,0,0,0,1,0,0,0,0,1,0,0,0,0,0,0,0,0,0,0,0,0,0,0
Casa en venta en Pie de Popa,Pie de Popa,670000000,4.0,3.0,134.0,5.0,0,0,0,0,0,0,0,0,0,0,0,0,0,0,0,0,0,0,0,0,0,0,0,0,0,0,0,0,0,0,0,0
Casa en venta en El Bosque,El Bosque,708000000,2.0,4.0,300.0,4.0,0,0,0,0,0,0,0,0,0,0,0,0,0,0,0,0,0,0,0,0,0,0,0,0,0,0,0,0,0,0,0,0
Casa en venta en Providencia,Providencia,295000000,2.0,3.0,110.0,3.0,0,1,0,0,0,1,0,1,0,0,0,0,0,0,0,0,0,0,0,0,0,0,0,0,0,0,0,0,0,0,0,0
Casa en venta en Manga,Manga,700000000,4.0,6.0,210.0,4.0,0,0,0,0,0,0,0,0,0,0,0,0,0,0,0,0,0,0,0,0,0,0,0,0,0,0,0,0,0,0,0,0
Casa en venta en Alameda a Vistoria,Alameda a Vistoria,320000000,3.0,7.0,168.0,3.0,0,0,0,0,0,0,0,0,0,0,0,0,0,0,0,0,0,0,0,0,0,0,0,0,0,0,0,0,0,0,0,0
Casa en venta en Manga,Manga,1500000000,6.0,5.0,300.0,5.0,0,0,0,0,0,0,0,0,0,0,0,0,0,0,0,0,0,0,0,0,0,0,0,0,0,0,0,0,0,0,0,0
Casa en venta en 13 de Junio,13 de Junio,900000000,3.0,4.0,321.0,4.0,0,0,0,0,0,0,0,0,0,0,0,0,0,0,0,0,0,0,0,0,0,0,0,0,0,0,0,0,0,0,0,0
Casa en venta en La Maria,La Maria,590000000,9.0,9.0,107.0,3.0,0,0,0,0,0,0,0,0,0,0,0,0,0,0,0,0,0,0,0,0,0,0,0,0,0,0,0,0,0,0,0,0
Casa en venta en El Recreo,El Recreo,370000000,3.0,3.0,130.0,4.0,0,0,0,0,0,0,0,0,0,0,0,0,0,0,0,0,0,0,0,0,0,0,0,0,0,0,0,0,0,0,0,0
Casa en venta en El Rubí,El Rubí,800000000,3.0,4.0,300.0,4.0,0,1,0,1,0,1,0,1,0,1,1,0,0,0,0,0,0,0,0,0,0,0,0,0,0,0,0,0,0,0,0,0
Casa en venta en Armenia,Armenia,657000000,4.0,9.0,320.0,3.0,0,0,0,0,0,0,0,0,0,0,0,0,0,0,0,0,0,0,0,0,0,0,0,0,0,0,0,0,0,0,0,0
Casa en venta en La Esperanza,La Esperanza,900000000,5.0,4.0,523.0,3.0,0,1,0,1,1,1,0,1,0,0,1,1,0,1,0,0,0,0,0,0,0,0,0,0,0,0,0,0,0,0,0,0
Casa en venta en Urbanización Madrigal,Urbanización Madrigal,270000000,2.0,3.0,134.0,3.0,1,1,1,1,1,1,1,1,0,0,1,1,0,0,0,0,0,0,0,0,0,0,0,0,0,0,0,0,0,0,0,0
Casa en venta en Manga,Manga,900000000,4.0,4.0,115.0,5.0,0,0,0,0,0,0,0,0,0,0,0,0,0,0,0,0,0,0,0,0,0,0,0,0,0,0,0,0,0,0,0,0
Casa en venta en Castillo Grande,Castillo Grande,1650000000,3.0,3.0,330.0,6.0,1,0,0,1,0,0,0,1,0,1,1,0,0,0,0,0,0,0,0,0,0,0,0,0,0,0,0,0,0,0,0,0
Casa en venta en Los Corrales,Los Corrales,320000000,4.0,6.0,220.0,3.0,0,0,0,0,0,0,0,0,0,0,0,0,0,0,0,0,0,0,0,0,0,0,0,0,0,0,0,0,0,0,0,0
Casa en venta en Urbanización Las Palmeras,Urbanización Las Palmeras,170000000,3.0,4.0,105.0,3.0,0,0,0,0,1,1,0,0,0,1,0,0,0,0,0,0,0,0,1,1,0,0,0,0,1,0,1,1,0,1,0,0
Casa en venta en El Bosque,El Bosque,1142400000,2.0,4.0,500.0,4.0,0,0,0,0,0,0,0,0,0,0,0,0,0,0,0,0,0,0,0,0,0,0,0,0,0,0,0,0,0,0,0,0
Casa en venta en San Antonio,San Antonio,580000000,4.0,5.0,195.0,4.0,1,0,0,0,0,0,1,2,0,1,0,0,0,0,1,0,0,0,0,0,0,0,0,0,0,0,0,0,0,0,0,0
Casa en venta en Santa Rita,Santa Rita,500000000,4.0,6.0,190.0,3.0,0,0,0,0,0,0,0,0,0,0,0,0,0,0,0,0,0,0,0,0,0,0,0,0,0,0,0,0,0,0,0,0
Casa en venta en Villa Sandra,Villa Sandra,600000000,2.0,5.0,260.0,3.0,0,0,0,0,1,1,1,0,0,1,0,1,0,0,0,0,0,0,0,0,0,0,0,0,0,0,0,0,0,0,0,0
Casa en venta en Manga,Manga,765000000,4.0,6.0,204.0,5.0,0,0,0,0,1,1,0,1,1,1,0,1,0,0,1,0,0,0,0,0,0,0,0,0,0,0,0,0,0,0,0,0
Casa en venta en Antonio José de Sucre,Antonio José de Sucre,330000000,3.0,3.0,110.0,4.0,1,1,1,0,0,1,0,2,1,0,0,1,0,0,0,0,0,0,0,0,0,0,0,0,0,0,0,0,0,0,0,0
Casa en venta en El Socorro,El Socorro,240000000,2.0,4.0,150.0,3.0,0,0,0,0,0,0,0,0,0,0,0,0,0,0,0,0,0,0,0,0,0,0,0,0,0,0,0,0,0,0,0,0
Casa en venta en Crespo,Crespo,1200000000,3.0,4.0,350.0,4.0,0,0,0,0,0,0,0,0,0,0,0,0,0,0,0,0,0,0,0,0,0,0,0,0,0,0,0,0,0,0,0,0
Casa en venta en San José de los Campanos,San José de los Campanos,320000000,2.0,3.0,273.0,2.0,0,0,0,0,0,0,0,0,0,0,0,0,0,0,0,0,0,0,0,0,0,0,0,0,0,0,0,0,0,0,0,0
Casa en venta en Los Caracoles,Los Caracoles,270000000,2.0,4.0,170.0,3.0,0,0,0,0,0,0,0,0,0,0,0,0,0,0,0,0,0,0,0,0,0,0,0,0,0,0,0,0,0,0,0,0
Casa en venta en El Bosque,El Bosque,700000000,4.0,4.0,205.0,4.0,0,0,0,0,0,0,0,0,0,0,0,0,0,0,0,0,0,0,0,0,0,0,0,0,0,0,0,0,0,0,0,0
Casa en venta en San Fernando,San Fernando,500000000,3.0,4.0,225.0,3.0,0,0,0,0,0,1,0,1,0,0,0,0,0,0,0,0,0,0,0,0,0,0,0,0,0,0,0,0,0,0,0,0
Casa en venta en Pie Del Cerro,Pie Del Cerro,780000000,3.0,3.0,220.0,5.0,0,0,0,0,0,0,0,0,0,0,0,0,0,0,0,0,0,0,0,0,0,0,0,0,0,0,0,0,0,0,0,0
Casa en venta en Pie de Popa,Pie de Popa,700000000,4.0,4.0,300.0,5.0,1,0,0,1,1,0,1,0,0,0,0,0,0,0,0,0,0,0,0,0,0,0,0,0,0,0,0,0,0,0,0,0
Casa en venta en Gaviotas,Gaviotas,390000000,3.0,3.0,118.0,4.0,0,0,0,0,0,0,0,0,0,0,0,0,0,0,0,0,0,0,0,0,0,0,0,0,0,0,0,0,0,0,0,0
Casa en venta en Manga,Manga,950000000,4.0,5.0,187.0,4.0,0,0,1,0,1,0,1,2,1,0,1,1,0,0,1,0,0,0,0,0,0,0,0,0,0,0,0,0,0,0,0,0
Casa en venta en Los Almendros,Los Almendros,400000000,3.0,4.0,172.0,3.0,0,0,0,0,0,0,0,0,0,0,0,0,0,0,0,0,0,0,0,0,0,0,0,0,0,0,0,0,0,0,0,0
Casa en venta en Alameda a Vistoria,Alameda a Vistoria,600000000,3.0,7.0,105.0,4.0,0,0,0,1,0,1,1,1,0,0,0,0,0,0,0,0,0,0,0,0,0,0,0,0,0,0,0,0,0,0,0,0
Casa en venta en Jose Obrero,Jose Obrero,1400000000,5.0,12.0,318.0,3.0,0,0,0,0,0,0,0,0,0,0,0,0,0,0,0,0,0,0,0,0,0,0,0,0,0,0,0,0,0,0,0,0
Casa en venta en Crespo,Crespo,890000000,8.0,9.0,400.0,5.0,0,0,1,1,1,1,0,1,0,0,0,0,0,0,0,0,0,0,0,0,0,0,0,0,0,0,0,0,0,0,0,0
Casa en venta en Los Alpes,Los Alpes,260000000,2.0,4.0,54.0,4.0,0,0,1,0,1,0,1,1,0,0,0,0,0,0,0,0,0,0,0,0,0,0,0,0,0,0,0,0,0,0,0,0
Casa en venta en Manga,Manga,1200000000,3.0,3.0,222.0,5.0,1,1,1,1,1,0,0,1,1,0,1,0,0,0,0,0,0,0,0,0,1,0,0,0,0,0,0,0,0,0,0,0
Casa en venta en Amador,Amador,730000000,5.0,4.0,205.0,4.0,0,0,0,0,0,0,0,0,0,0,0,0,0,0,0,0,0,0,0,0,0,0,0,0,0,0,0,0,0,0,0,0
Casa en venta en Villa Estrella,Villa Estrella,230000000,2.0,4.0,140.0,3.0,0,0,0,0,0,0,0,0,0,0,0,0,0,0,0,0,0,0,0,0,0,0,0,0,0,0,0,0,0,0,0,0
Casa en venta en Marbella,Marbella,935000000,2.0,2.0,110.0,5.0,1,1,1,0,1,0,1,1,1,1,1,1,1,0,1,0,0,0,0,0,0,0,0,0,0,0,0,0,0,0,0,0
Casa en venta en Urbanización La Espanola,Urbanización La Espanola,590000000,2.0,3.0,112.0,4.0,0,1,1,0,0,1,1,1,1,1,1,0,0,0,1,0,0,0,0,0,0,0,0,0,0,0,0,0,0,0,0,0
Casa en venta en Manga,Manga,1700000000,3.0,6.0,300.0,5.0,0,0,0,0,0,0,0,0,0,0,0,0,0,0,0,0,0,0,0,0,0,0,0,0,0,0,0,0,0,0,0,0
Casa en venta en Ciudadela 11 de Noviembre,Ciudadela 11 de Noviembre,1100000000,2.0,3.0,327.0,5.0,1,1,1,0,0,1,0,2,1,0,0,0,0,0,1,0,0,0,0,0,0,0,0,0,0,0,0,0,0,0,0,0
Casa en venta en Manga,Manga,900000000,3.0,3.0,110.0,5.0,0,0,0,0,0,0,0,0,0,0,0,0,0,0,0,0,0,0,0,0,0,0,0,0,0,0,0,0,0,0,0,0
Casa en venta en El Campestre,El Campestre,299000000,2.0,5.0,160.0,3.0,0,1,0,0,1,1,0,1,0,0,0,0,0,0,0,0,0,0,0,0,0,0,0,0,0,0,0,0,0,0,0,0
Casa en venta en Alameda La Victoria,Alameda La Victoria,380000000,3.0,3.0,150.0,4.0,0,0,0,0,0,0,0,0,0,0,0,0,0,0,0,0,0,0,0,0,0,0,0,0,0,0,0,0,0,0,0,0
Casa en venta en Manga,Manga,1600000000,3.0,3.0,196.0,6.0,0,0,0,0,0,0,0,0,0,0,0,0,0,0,0,0,0,0,0,0,0,0,0,0,0,0,0,0,0,0,0,0
Casa en venta en Santa Lucía,Santa Lucía,1500000000,3.0,7.0,400.0,5.0,1,0,0,0,0,0,0,1,0,0,0,0,0,0,0,0,0,0,0,0,0,0,0,0,0,0,0,0,0,0,0,0
Casa en venta en Santa Lucía,Santa Lucía,1000000000,3.0,4.0,200.0,4.0,1,0,0,0,0,0,1,1,0,0,0,0,0,0,0,0,0,0,0,0,1,0,0,0,0,0,0,0,0,0,0,0
Casa en venta en Canapote,Canapote,490000000,4.0,3.0,180.0,3.0,0,1,0,0,0,1,0,1,1,0,0,0,0,0,0,0,0,0,0,0,0,0,0,0,0,0,0,0,0,0,0,0
Casa en venta en Alameda a Vistoria,Alameda a Vistoria,680000000,4.0,3.0,241.0,5.0,1,0,0,0,1,0,0,0,0,1,0,1,0,0,1,0,0,0,0,0,0,0,0,0,0,0,0,0,0,0,0,0
Casa en venta en Los Caracoles,Los Caracoles,165000000,2.0,3.0,81.0,3.0,0,0,0,0,0,0,0,0,0,0,0,0,0,0,0,0,0,0,0,0,0,0,0,0,0,0,0,0,0,0,0,0
Casa en venta en El Socorro,El Socorro,1300000000,4.0,3.0,364.0,4.0,1,1,1,1,0,1,0,1,0,0,1,0,0,1,0,0,0,0,0,1,0,0,0,1,0,1,0,0,0,1,0,0
Casa en venta en Alameda a Vistoria,Alameda a Vistoria,400000000,3.0,3.0,170.0,4.0,1,0,0,0,1,0,1,0,0,1,0,0,1,0,1,0,0,0,0,0,0,0,0,0,0,0,0,0,0,0,0,0
Casa en venta en La Castellana,La Castellana,450000000,4.0,4.0,164.0,4.0,0,0,0,0,0,0,0,0,0,0,0,0,0,0,0,0,0,0,0,0,0,0,0,0,0,0,0,0,0,0,0,0
Casa en venta en El Bosque,El Bosque,500000000,3.0,6.0,162.0,3.0,0,0,0,0,0,0,0,0,0,0,0,0,0,0,0,0,0,0,0,0,0,0,0,0,0,0,0,0,0,0,0,0
Casa en venta en Pie de Popa,Pie de Popa,700000000,4.0,4.0,205.0,4.0,0,0,0,0,0,0,0,0,0,0,0,0,0,0,0,0,0,0,0,0,0,0,0,0,0,0,0,0,0,0,0,0
Casa en venta en Beirut 1,Beirut 1,340000000,4.0,4.0,190.0,4.0,0,0,0,0,0,0,0,0,0,0,0,0,0,0,0,0,0,0,0,0,0,0,0,0,0,0,0,0,0,0,0,0
Casa en venta en Manga,Manga,660000000,3.0,3.0,200.0,5.0,0,0,0,0,0,0,0,0,0,0,0,0,0,0,0,0,0,0,0,0,0,0,0,0,0,0,0,0,0,0,0,0
Casa en venta en Manga,Manga,950000000,3.0,4.0,196.0,6.0,1,1,1,0,0,0,1,1,0,0,0,0,0,0,1,0,0,0,0,0,1,0,0,0,0,0,0,0,0,0,0,0
Casa en venta en Las Delicias,Las Delicias,390000000,3.0,4.0,150.0,3.0,1,1,1,0,1,0,1,1,1,1,1,0,0,0,1,0,0,0,0,0,0,0,0,0,0,0,0,0,0,0,0,0
Casa en venta en San Pedro,San Pedro,1500000000,6.0,12.0,432.0,3.0,0,0,1,1,1,0,0,1,0,0,0,1,0,0,1,0,0,0,0,0,1,0,0,0,0,0,0,0,0,0,0,0
Casa en venta en El Socorro,El Socorro,380000000,3.0,4.0,115.0,4.0,1,0,1,0,1,0,1,1,0,0,0,0,0,0,0,0,0,0,0,0,0,0,0,0,0,0,0,0,0,0,0,0
Casa en venta en Santa Lucía,Santa Lucía,1400000000,4.0,3.0,408.0,4.0,1,0,0,0,0,1,0,0,0,0,0,1,0,0,1,0,0,0,0,0,0,0,0,0,0,0,0,0,0,0,0,0
Casa en venta en Almirante Colon,Almirante Colon,450000000,2.0,5.0,84.0,4.0,0,0,0,0,0,0,0,0,0,0,0,0,0,0,0,0,0,0,0,0,0,0,0,0,0,0,0,0,0,0,0,0
Casa en venta en El Recreo,El Recreo,480000000,3.0,3.0,200.0,4.0,0,0,0,0,0,0,0,0,0,0,0,0,0,0,0,0,0,0,0,0,0,0,0,0,0,0,0,0,0,0,0,0
Casa en venta en Santa Lucía,Santa Lucía,520000000,6.0,5.0,205.0,4.0,1,0,1,1,1,1,1,1,0,0,0,0,0,0,0,0,0,0,0,0,0,0,0,0,0,0,0,0,0,0,0,0
Casa en venta en Pie de Popa,Pie de Popa,700000000,4.0,4.0,300.0,5.0,1,0,0,1,1,0,1,0,0,0,0,0,0,0,0,0,0,0,0,0,0,0,0,0,0,0,0,0,0,0,0,0
Casa en venta en El Bosque,El Bosque,1500000000,2.0,3.0,750.0,3.0,1,1,0,1,0,1,0,1,0,1,0,0,0,1,0,0,0,0,0,0,0,0,0,0,0,0,0,0,0,0,0,0
Casa en venta en Centro,Centro,1500000000,4.0,3.0,602.0,4.0,0,0,0,0,0,0,0,0,0,0,0,0,0,0,0,0,0,0,0,0,0,0,0,0,0,0,0,0,0,0,0,0
Casa en venta en 11 de Noviembre,11 de Noviembre,260000000,3.0,6.0,128.0,2.0,0,1,0,0,1,0,0,1,0,0,0,0,0,0,0,0,0,0,0,0,0,0,0,0,0,0,0,0,0,0,0,0
Casa en venta en La Concepción,La Concepción,800000000,5.0,5.0,190.0,4.0,0,0,0,0,0,0,0,0,0,0,0,0,0,0,0,0,0,0,0,0,0,0,0,0,0,0,0,0,0,0,0,0
Casa en venta en Almirante Colon,Almirante Colon,390000000,3.0,5.0,174.0,3.0,1,0,1,0,1,1,1,2,1,0,1,1,0,0,1,0,0,0,0,0,0,1,0,0,0,0,0,0,0,0,0,0
Casa en venta en Campestre,Campestre,415000000,2.0,4.0,216.0,4.0,0,0,0,0,0,0,0,0,0,0,0,0,0,0,0,0,0,0,0,0,0,0,0,0,0,0,0,0,0,0,0,0
Casa en venta en Manga,Manga,1000000000,3.0,4.0,222.0,5.0,1,0,0,0,1,0,0,1,1,0,0,0,0,0,0,0,0,0,0,0,0,0,0,0,0,0,0,0,0,0,0,0
Casa en venta en Camaguey,Camaguey,390000000,2.0,3.0,78.0,3.0,1,0,1,0,1,0,1,1,0,1,0,0,0,0,1,0,0,0,0,0,0,0,0,0,0,0,0,0,0,0,0,0
Casa en venta en Santa Rita,Santa Rita,520000000,2.0,4.0,100.0,4.0,0,1,1,0,0,0,1,1,0,0,0,0,0,0,0,0,0,0,0,0,0,0,0,0,0,0,0,0,0,0,0,0
Casa en venta en Manga,Manga,1400000000,5.0,4.0,300.0,6.0,0,0,0,0,0,0,0,0,0,0,0,0,0,0,0,0,0,0,0,0,0,0,0,0,0,0,0,0,0,0,0,0
